"Regressor_A","Regressor_B","Dataset","BAGG","BOOS","CBAS","RASS"
"Regressor_1","Regressor_10","concrete",0.05,0.13,0.13,0.33
"Regressor_1","Regressor_11","concrete",0.06,0.09,0.39,0.23
"Regressor_1","Regressor_12","concrete",0.06,0.05,0.13,0.28
"Regressor_1","Regressor_13","concrete",0.03,0.11,0.3,0.19
"Regressor_1","Regressor_14","concrete",0.09,0.09,0.34,0.16
"Regressor_1","Regressor_15","concrete",0.04,0.13,0.4,0.21
"Regressor_1","Regressor_16","concrete",0.09,0.08,0.35,0.14
"Regressor_1","Regressor_17","concrete",0.09,0.11,0.32,0.23
"Regressor_1","Regressor_18","concrete",0.06,0.09,0.21,0.11
"Regressor_1","Regressor_19","concrete",0.08,0.18,0.36,0.12
"Regressor_1","Regressor_2","concrete",0.11,0.12,0.17,0.32
"Regressor_1","Regressor_20","concrete",0.07,0.1,0.31,0.27
"Regressor_1","Regressor_21","concrete",0.08,0.15,0.35,0.16
"Regressor_1","Regressor_22","concrete",0.06,0.07,0.22,0.19
"Regressor_1","Regressor_23","concrete",0.08,0.21,0.44,0.18
"Regressor_1","Regressor_24","concrete",0.11,0.09,0.22,0.16
"Regressor_1","Regressor_25","concrete",0.07,0.1,0.39,0.24
"Regressor_1","Regressor_26","concrete",0.09,0.07,0.29,0.33
"Regressor_1","Regressor_27","concrete",0.12,0.18,0.4,0.19
"Regressor_1","Regressor_28","concrete",0.08,0.07,0.3,0.2
"Regressor_1","Regressor_29","concrete",0.1,0.11,0.29,0.25
"Regressor_1","Regressor_3","concrete",0.09,0.12,0.31,0.22
"Regressor_1","Regressor_30","concrete",0.11,0.19,0.17,0.13
"Regressor_1","Regressor_31","concrete",0.04,0.11,0.22,0.13
"Regressor_1","Regressor_32","concrete",0.09,0.11,0.33,0.19
"Regressor_1","Regressor_33","concrete",0.09,0.12,0.27,0.13
"Regressor_1","Regressor_34","concrete",0.09,0.11,0.37,0.14
"Regressor_1","Regressor_35","concrete",0.05,0.11,0.31,0.29
"Regressor_1","Regressor_36","concrete",0.07,0.09,0.16,0.2
"Regressor_1","Regressor_4","concrete",0.07,0.13,0.26,0.14
"Regressor_1","Regressor_5","concrete",0.03,0.12,0.35,0.13
"Regressor_1","Regressor_6","concrete",0.1,0.09,0.3,0.14
"Regressor_1","Regressor_7","concrete",0.08,0.13,0.29,0.13
"Regressor_1","Regressor_8","concrete",0.11,0.08,0.27,0.18
"Regressor_1","Regressor_9","concrete",0.08,0.09,0.39,0.1
"Regressor_10","Regressor_1","concrete",0.06,0.12,0.12,0.34
"Regressor_10","Regressor_11","concrete",0.09,0.15,0.42,0.14
"Regressor_10","Regressor_12","concrete",0.09,0.11,0.14,0.46
"Regressor_10","Regressor_13","concrete",0.09,0.13,0.27,0.35
"Regressor_10","Regressor_14","concrete",0.09,0.16,0.37,0.31
"Regressor_10","Regressor_15","concrete",0.08,0.08,0.42,0.14
"Regressor_10","Regressor_16","concrete",0.1,0.08,0.39,0.31
"Regressor_10","Regressor_17","concrete",0.12,0.12,0.31,0.24
"Regressor_10","Regressor_18","concrete",0.07,0.1,0.17,0.3
"Regressor_10","Regressor_19","concrete",0.1,0.14,0.36,0.36
"Regressor_10","Regressor_2","concrete",0.08,0.09,0.15,0.18
"Regressor_10","Regressor_20","concrete",0.09,0.11,0.36,0.23
"Regressor_10","Regressor_21","concrete",0.09,0.09,0.33,0.29
"Regressor_10","Regressor_22","concrete",0.12,0.08,0.31,0.42
"Regressor_10","Regressor_23","concrete",0.08,0.18,0.39,0.43
"Regressor_10","Regressor_24","concrete",0.09,0.11,0.31,0.38
"Regressor_10","Regressor_25","concrete",0.09,0.1,0.34,0.16
"Regressor_10","Regressor_26","concrete",0.1,0.13,0.35,0.23
"Regressor_10","Regressor_27","concrete",0.06,0.11,0.35,0.37
"Regressor_10","Regressor_28","concrete",0.09,0.09,0.36,0.35
"Regressor_10","Regressor_29","concrete",0.12,0.14,0.28,0.15
"Regressor_10","Regressor_3","concrete",0.08,0.15,0.32,0.34
"Regressor_10","Regressor_30","concrete",0.12,0.09,0.13,0.36
"Regressor_10","Regressor_31","concrete",0.07,0.14,0.21,0.37
"Regressor_10","Regressor_32","concrete",0.11,0.12,0.33,0.38
"Regressor_10","Regressor_33","concrete",0.11,0.1,0.24,0.34
"Regressor_10","Regressor_34","concrete",0.09,0.12,0.4,0.33
"Regressor_10","Regressor_35","concrete",0.05,0.08,0.23,0.16
"Regressor_10","Regressor_36","concrete",0.09,0.13,0.12,0.27
"Regressor_10","Regressor_4","concrete",0.09,0.09,0.31,0.29
"Regressor_10","Regressor_5","concrete",0.09,0.12,0.34,0.37
"Regressor_10","Regressor_6","concrete",0.09,0.03,0.3,0.34
"Regressor_10","Regressor_7","concrete",0.06,0.15,0.26,0.37
"Regressor_10","Regressor_8","concrete",0.14,0.08,0.36,0.38
"Regressor_10","Regressor_9","concrete",0.14,0.11,0.36,0.28
"Regressor_11","Regressor_1","concrete",0.07,0.12,0.25,0.35
"Regressor_11","Regressor_10","concrete",0.08,0.22,0.34,0.17
"Regressor_11","Regressor_12","concrete",0.07,0.13,0.23,0.55
"Regressor_11","Regressor_13","concrete",0.1,0.17,0.33,0.44
"Regressor_11","Regressor_14","concrete",0.07,0.18,0.1,0.41
"Regressor_11","Regressor_15","concrete",0.09,0.17,0.2,0.09
"Regressor_11","Regressor_16","concrete",0.08,0.15,0.15,0.36
"Regressor_11","Regressor_17","concrete",0.13,0.18,0.21,0.14
"Regressor_11","Regressor_18","concrete",0.09,0.16,0.3,0.36
"Regressor_11","Regressor_19","concrete",0.1,0.24,0.17,0.35
"Regressor_11","Regressor_2","concrete",0.11,0.15,0.21,0.13
"Regressor_11","Regressor_20","concrete",0.07,0.18,0.12,0.13
"Regressor_11","Regressor_21","concrete",0.05,0.16,0.36,0.47
"Regressor_11","Regressor_22","concrete",0.12,0.17,0.16,0.43
"Regressor_11","Regressor_23","concrete",0.12,0.21,0.19,0.52
"Regressor_11","Regressor_24","concrete",0.09,0.17,0.11,0.43
"Regressor_11","Regressor_25","concrete",0.04,0.09,0.23,0.16
"Regressor_11","Regressor_26","concrete",0.11,0.16,0.19,0.1
"Regressor_11","Regressor_27","concrete",0.08,0.2,0.15,0.45
"Regressor_11","Regressor_28","concrete",0.04,0.13,0.09,0.36
"Regressor_11","Regressor_29","concrete",0.07,0.16,0.15,0.13
"Regressor_11","Regressor_3","concrete",0.07,0.17,0.22,0.49
"Regressor_11","Regressor_30","concrete",0.08,0.16,0.23,0.41
"Regressor_11","Regressor_31","concrete",0.03,0.2,0.36,0.48
"Regressor_11","Regressor_32","concrete",0.09,0.15,0.15,0.48
"Regressor_11","Regressor_33","concrete",0.11,0.22,0.35,0.45
"Regressor_11","Regressor_34","concrete",0.07,0.14,0.13,0.43
"Regressor_11","Regressor_35","concrete",0.09,0.19,0.27,0.12
"Regressor_11","Regressor_36","concrete",0.02,0.12,0.22,0.36
"Regressor_11","Regressor_4","concrete",0.1,0.13,0.16,0.36
"Regressor_11","Regressor_5","concrete",0.11,0.15,0.16,0.41
"Regressor_11","Regressor_6","concrete",0.07,0.19,0.14,0.42
"Regressor_11","Regressor_7","concrete",0.11,0.14,0.19,0.45
"Regressor_11","Regressor_8","concrete",0.12,0.17,0.14,0.49
"Regressor_11","Regressor_9","concrete",0.08,0.21,0.27,0.38
"Regressor_12","Regressor_1","concrete",0.07,0.05,0.1,0.19
"Regressor_12","Regressor_10","concrete",0.09,0.12,0.13,0.33
"Regressor_12","Regressor_11","concrete",0.07,0.1,0.28,0.31
"Regressor_12","Regressor_13","concrete",0.09,0.16,0.42,0.14
"Regressor_12","Regressor_14","concrete",0.09,0.09,0.25,0.21
"Regressor_12","Regressor_15","concrete",0.11,0.17,0.29,0.28
"Regressor_12","Regressor_16","concrete",0.06,0.04,0.28,0.13
"Regressor_12","Regressor_17","concrete",0.14,0.12,0.29,0.33
"Regressor_12","Regressor_18","concrete",0.08,0.05,0.2,0.21
"Regressor_12","Regressor_19","concrete",0.11,0.21,0.26,0.16
"Regressor_12","Regressor_2","concrete",0.12,0.1,0.1,0.35
"Regressor_12","Regressor_20","concrete",0.06,0.1,0.26,0.29
"Regressor_12","Regressor_21","concrete",0.1,0.14,0.27,0.2
"Regressor_12","Regressor_22","concrete",0.14,0.07,0.17,0.22
"Regressor_12","Regressor_23","concrete",0.13,0.13,0.4,0.2
"Regressor_12","Regressor_24","concrete",0.08,0.05,0.16,0.21
"Regressor_12","Regressor_25","concrete",0.06,0.13,0.36,0.27
"Regressor_12","Regressor_26","concrete",0.09,0.08,0.3,0.32
"Regressor_12","Regressor_27","concrete",0.08,0.13,0.28,0.2
"Regressor_12","Regressor_28","concrete",0.1,0.07,0.24,0.15
"Regressor_12","Regressor_29","concrete",0.11,0.13,0.25,0.3
"Regressor_12","Regressor_3","concrete",0.06,0.11,0.29,0.19
"Regressor_12","Regressor_30","concrete",0.08,0.13,0.05,0.16
"Regressor_12","Regressor_31","concrete",0.07,0.14,0.25,0.16
"Regressor_12","Regressor_32","concrete",0.09,0.06,0.28,0.13
"Regressor_12","Regressor_33","concrete",0.14,0.13,0.16,0.15
"Regressor_12","Regressor_34","concrete",0.09,0.09,0.28,0.19
"Regressor_12","Regressor_35","concrete",0.09,0.12,0.25,0.34
"Regressor_12","Regressor_36","concrete",0.07,0.06,0.07,0.21
"Regressor_12","Regressor_4","concrete",0.09,0.1,0.22,0.17
"Regressor_12","Regressor_5","concrete",0.12,0.14,0.29,0.18
"Regressor_12","Regressor_6","concrete",0.07,0.09,0.2,0.17
"Regressor_12","Regressor_7","concrete",0.12,0.11,0.26,0.16
"Regressor_12","Regressor_8","concrete",0.1,0.08,0.28,0.21
"Regressor_12","Regressor_9","concrete",0.12,0.09,0.24,0.21
"Regressor_13","Regressor_1","concrete",0.06,0.12,0.23,0.19
"Regressor_13","Regressor_10","concrete",0.09,0.18,0.24,0.31
"Regressor_13","Regressor_11","concrete",0.11,0.17,0.35,0.32
"Regressor_13","Regressor_12","concrete",0.1,0.19,0.42,0.19
"Regressor_13","Regressor_14","concrete",0.11,0.15,0.37,0.17
"Regressor_13","Regressor_15","concrete",0.07,0.17,0.46,0.25
"Regressor_13","Regressor_16","concrete",0.07,0.16,0.41,0.14
"Regressor_13","Regressor_17","concrete",0.09,0.16,0.36,0.3
"Regressor_13","Regressor_18","concrete",0.1,0.19,0.24,0.18
"Regressor_13","Regressor_19","concrete",0.07,0.23,0.39,0.14
"Regressor_13","Regressor_2","concrete",0.12,0.17,0.2,0.33
"Regressor_13","Regressor_20","concrete",0.08,0.17,0.39,0.25
"Regressor_13","Regressor_21","concrete",0.11,0.2,0.45,0.16
"Regressor_13","Regressor_22","concrete",0.03,0.18,0.32,0.2
"Regressor_13","Regressor_23","concrete",0.08,0.27,0.43,0.18
"Regressor_13","Regressor_24","concrete",0.1,0.21,0.36,0.13
"Regressor_13","Regressor_25","concrete",0.1,0.14,0.37,0.26
"Regressor_13","Regressor_26","concrete",0.08,0.17,0.4,0.3
"Regressor_13","Regressor_27","concrete",0.12,0.19,0.38,0.16
"Regressor_13","Regressor_28","concrete",0.08,0.14,0.39,0.2
"Regressor_13","Regressor_29","concrete",0.1,0.16,0.32,0.27
"Regressor_13","Regressor_3","concrete",0.07,0.17,0.37,0.15
"Regressor_13","Regressor_30","concrete",0.09,0.22,0.28,0.1
"Regressor_13","Regressor_31","concrete",0.07,0.19,0.31,0.11
"Regressor_13","Regressor_32","concrete",0.07,0.2,0.35,0.12
"Regressor_13","Regressor_33","concrete",0.08,0.24,0.35,0.12
"Regressor_13","Regressor_34","concrete",0.09,0.13,0.36,0.14
"Regressor_13","Regressor_35","concrete",0.07,0.17,0.25,0.32
"Regressor_13","Regressor_36","concrete",0.09,0.15,0.2,0.2
"Regressor_13","Regressor_4","concrete",0.03,0.17,0.32,0.17
"Regressor_13","Regressor_5","concrete",0.06,0.12,0.37,0.14
"Regressor_13","Regressor_6","concrete",0.09,0.13,0.32,0.2
"Regressor_13","Regressor_7","concrete",0.09,0.17,0.38,0.11
"Regressor_13","Regressor_8","concrete",0.12,0.15,0.33,0.11
"Regressor_13","Regressor_9","concrete",0.09,0.18,0.36,0.13
"Regressor_14","Regressor_1","concrete",0.11,0.09,0.23,0.15
"Regressor_14","Regressor_10","concrete",0.11,0.17,0.32,0.26
"Regressor_14","Regressor_11","concrete",0.09,0.14,0.11,0.24
"Regressor_14","Regressor_12","concrete",0.1,0.09,0.23,0.23
"Regressor_14","Regressor_13","concrete",0.13,0.13,0.37,0.17
"Regressor_14","Regressor_15","concrete",0.14,0.21,0.16,0.16
"Regressor_14","Regressor_16","concrete",0.09,0.12,0.12,0.1
"Regressor_14","Regressor_17","concrete",0.11,0.14,0.15,0.22
"Regressor_14","Regressor_18","concrete",0.07,0.12,0.29,0.14
"Regressor_14","Regressor_19","concrete",0.13,0.15,0.16,0.13
"Regressor_14","Regressor_2","concrete",0.11,0.15,0.21,0.26
"Regressor_14","Regressor_20","concrete",0.1,0.07,0.13,0.23
"Regressor_14","Regressor_21","concrete",0.09,0.18,0.38,0.07
"Regressor_14","Regressor_22","concrete",0.15,0.11,0.11,0.15
"Regressor_14","Regressor_23","concrete",0.12,0.19,0.3,0.2
"Regressor_14","Regressor_24","concrete",0.08,0.11,0.15,0.16
"Regressor_14","Regressor_25","concrete",0.1,0.15,0.13,0.17
"Regressor_14","Regressor_26","concrete",0.1,0.08,0.13,0.3
"Regressor_14","Regressor_27","concrete",0.09,0.19,0.18,0.1
"Regressor_14","Regressor_28","concrete",0.08,0.1,0.11,0.14
"Regressor_14","Regressor_29","concrete",0.11,0.1,0.16,0.22
"Regressor_14","Regressor_3","concrete",0.05,0.15,0.19,0.13
"Regressor_14","Regressor_30","concrete",0.12,0.16,0.27,0.08
"Regressor_14","Regressor_31","concrete",0.09,0.17,0.34,0.15
"Regressor_14","Regressor_32","concrete",0.08,0.13,0.12,0.1
"Regressor_14","Regressor_33","concrete",0.12,0.16,0.31,0.17
"Regressor_14","Regressor_34","concrete",0.06,0.12,0.1,0.14
"Regressor_14","Regressor_35","concrete",0.13,0.15,0.29,0.28
"Regressor_14","Regressor_36","concrete",0.1,0.12,0.22,0.13
"Regressor_14","Regressor_4","concrete",0.1,0.13,0.09,0.15
"Regressor_14","Regressor_5","concrete",0.13,0.13,0.21,0.12
"Regressor_14","Regressor_6","concrete",0.1,0.15,0.09,0.2
"Regressor_14","Regressor_7","concrete",0.13,0.16,0.19,0.12
"Regressor_14","Regressor_8","concrete",0.09,0.11,0.08,0.12
"Regressor_14","Regressor_9","concrete",0.13,0.14,0.39,0.06
"Regressor_15","Regressor_1","concrete",0.06,0.16,0.26,0.35
"Regressor_15","Regressor_10","concrete",0.08,0.11,0.33,0.17
"Regressor_15","Regressor_11","concrete",0.09,0.15,0.2,0.09
"Regressor_15","Regressor_12","concrete",0.12,0.17,0.25,0.48
"Regressor_15","Regressor_13","concrete",0.07,0.16,0.4,0.39
"Regressor_15","Regressor_14","concrete",0.13,0.21,0.15,0.33
"Regressor_15","Regressor_16","concrete",0.08,0.13,0.13,0.3
"Regressor_15","Regressor_17","concrete",0.1,0.18,0.21,0.05
"Regressor_15","Regressor_18","concrete",0.08,0.15,0.34,0.29
"Regressor_15","Regressor_19","concrete",0.07,0.21,0.22,0.32
"Regressor_15","Regressor_2","concrete",0.16,0.14,0.26,0.15
"Regressor_15","Regressor_20","concrete",0.12,0.19,0.2,0.15
"Regressor_15","Regressor_21","concrete",0.1,0.15,0.36,0.39
"Regressor_15","Regressor_22","concrete",0.05,0.15,0.2,0.35
"Regressor_15","Regressor_23","concrete",0.08,0.19,0.24,0.43
"Regressor_15","Regressor_24","concrete",0.11,0.17,0.18,0.38
"Regressor_15","Regressor_25","concrete",0.08,0.14,0.18,0.11
"Regressor_15","Regressor_26","concrete",0.11,0.22,0.18,0.09
"Regressor_15","Regressor_27","concrete",0.15,0.12,0.24,0.37
"Regressor_15","Regressor_28","concrete",0.1,0.14,0.14,0.39
"Regressor_15","Regressor_29","concrete",0.12,0.23,0.19,0.1
"Regressor_15","Regressor_3","concrete",0.1,0.13,0.2,0.42
"Regressor_15","Regressor_30","concrete",0.1,0.1,0.25,0.34
"Regressor_15","Regressor_31","concrete",0.1,0.17,0.35,0.34
"Regressor_15","Regressor_32","concrete",0.12,0.13,0.15,0.37
"Regressor_15","Regressor_33","concrete",0.08,0.18,0.32,0.43
"Regressor_15","Regressor_34","concrete",0.09,0.15,0.22,0.38
"Regressor_15","Regressor_35","concrete",0.06,0.22,0.41,0.14
"Regressor_15","Regressor_36","concrete",0.1,0.12,0.23,0.3
"Regressor_15","Regressor_4","concrete",0.06,0.11,0.21,0.35
"Regressor_15","Regressor_5","concrete",0.05,0.17,0.19,0.36
"Regressor_15","Regressor_6","concrete",0.06,0.1,0.14,0.37
"Regressor_15","Regressor_7","concrete",0.09,0.16,0.18,0.36
"Regressor_15","Regressor_8","concrete",0.12,0.13,0.19,0.42
"Regressor_15","Regressor_9","concrete",0.11,0.17,0.32,0.29
"Regressor_16","Regressor_1","concrete",0.1,0.09,0.21,0.13
"Regressor_16","Regressor_10","concrete",0.1,0.1,0.33,0.27
"Regressor_16","Regressor_11","concrete",0.08,0.12,0.15,0.25
"Regressor_16","Regressor_12","concrete",0.07,0.04,0.26,0.16
"Regressor_16","Regressor_13","concrete",0.07,0.14,0.38,0.14
"Regressor_16","Regressor_14","concrete",0.08,0.12,0.12,0.09
"Regressor_16","Regressor_15","concrete",0.08,0.11,0.14,0.18
"Regressor_16","Regressor_17","concrete",0.09,0.12,0.18,0.19
"Regressor_16","Regressor_18","concrete",0.09,0.08,0.29,0.08
"Regressor_16","Regressor_19","concrete",0.09,0.2,0.2,0.07
"Regressor_16","Regressor_2","concrete",0.13,0.1,0.24,0.24
"Regressor_16","Regressor_20","concrete",0.08,0.11,0.18,0.21
"Regressor_16","Regressor_21","concrete",0.06,0.15,0.35,0.11
"Regressor_16","Regressor_22","concrete",0.1,0.12,0.11,0.14
"Regressor_16","Regressor_23","concrete",0.08,0.13,0.23,0.1
"Regressor_16","Regressor_24","concrete",0.04,0.07,0.21,0.13
"Regressor_16","Regressor_25","concrete",0.07,0.11,0.14,0.18
"Regressor_16","Regressor_26","concrete",0.08,0.07,0.09,0.27
"Regressor_16","Regressor_27","concrete",0.07,0.16,0.18,0.09
"Regressor_16","Regressor_28","concrete",0.06,0.09,0.11,0.12
"Regressor_16","Regressor_29","concrete",0.09,0.12,0.14,0.19
"Regressor_16","Regressor_3","concrete",0.06,0.12,0.2,0.11
"Regressor_16","Regressor_30","concrete",0.07,0.12,0.21,0.06
"Regressor_16","Regressor_31","concrete",0.06,0.09,0.34,0.07
"Regressor_16","Regressor_32","concrete",0.07,0.07,0.11,0.06
"Regressor_16","Regressor_33","concrete",0.07,0.15,0.34,0.11
"Regressor_16","Regressor_34","concrete",0.03,0.09,0.16,0.1
"Regressor_16","Regressor_35","concrete",0.08,0.09,0.31,0.28
"Regressor_16","Regressor_36","concrete",0.09,0.09,0.21,0.07
"Regressor_16","Regressor_4","concrete",0.06,0.1,0.13,0.1
"Regressor_16","Regressor_5","concrete",0.09,0.11,0.15,0.09
"Regressor_16","Regressor_6","concrete",0.05,0.08,0.12,0.11
"Regressor_16","Regressor_7","concrete",0.1,0.1,0.19,0.07
"Regressor_16","Regressor_8","concrete",0.09,0.08,0.16,0.12
"Regressor_16","Regressor_9","concrete",0.09,0.12,0.29,0.07
"Regressor_17","Regressor_1","concrete",0.14,0.18,0.23,0.32
"Regressor_17","Regressor_10","concrete",0.13,0.22,0.3,0.24
"Regressor_17","Regressor_11","concrete",0.14,0.21,0.21,0.11
"Regressor_17","Regressor_12","concrete",0.16,0.15,0.27,0.51
"Regressor_17","Regressor_13","concrete",0.09,0.19,0.35,0.33
"Regressor_17","Regressor_14","concrete",0.1,0.21,0.15,0.28
"Regressor_17","Regressor_15","concrete",0.1,0.22,0.22,0.05
"Regressor_17","Regressor_16","concrete",0.09,0.21,0.18,0.29
"Regressor_17","Regressor_18","concrete",0.1,0.17,0.33,0.27
"Regressor_17","Regressor_19","concrete",0.09,0.28,0.18,0.29
"Regressor_17","Regressor_2","concrete",0.16,0.2,0.22,0.1
"Regressor_17","Regressor_20","concrete",0.12,0.16,0.09,0.11
"Regressor_17","Regressor_21","concrete",0.1,0.28,0.35,0.35
"Regressor_17","Regressor_22","concrete",0.11,0.15,0.16,0.35
"Regressor_17","Regressor_23","concrete",0.11,0.24,0.23,0.4
"Regressor_17","Regressor_24","concrete",0.08,0.17,0.16,0.34
"Regressor_17","Regressor_25","concrete",0.1,0.21,0.22,0.09
"Regressor_17","Regressor_26","concrete",0.12,0.2,0.19,0.14
"Regressor_17","Regressor_27","concrete",0.14,0.25,0.19,0.36
"Regressor_17","Regressor_28","concrete",0.12,0.15,0.13,0.3
"Regressor_17","Regressor_29","concrete",0.19,0.16,0.24,0.07
"Regressor_17","Regressor_3","concrete",0.13,0.18,0.28,0.38
"Regressor_17","Regressor_30","concrete",0.11,0.18,0.28,0.33
"Regressor_17","Regressor_31","concrete",0.16,0.25,0.3,0.31
"Regressor_17","Regressor_32","concrete",0.09,0.2,0.12,0.33
"Regressor_17","Regressor_33","concrete",0.08,0.2,0.37,0.39
"Regressor_17","Regressor_34","concrete",0.07,0.15,0.16,0.31
"Regressor_17","Regressor_35","concrete",0.12,0.24,0.27,0.17
"Regressor_17","Regressor_36","concrete",0.12,0.16,0.25,0.28
"Regressor_17","Regressor_4","concrete",0.13,0.19,0.12,0.24
"Regressor_17","Regressor_5","concrete",0.11,0.21,0.19,0.31
"Regressor_17","Regressor_6","concrete",0.13,0.17,0.13,0.36
"Regressor_17","Regressor_7","concrete",0.11,0.2,0.19,0.33
"Regressor_17","Regressor_8","concrete",0.15,0.18,0.17,0.33
"Regressor_17","Regressor_9","concrete",0.13,0.18,0.39,0.34
"Regressor_18","Regressor_1","concrete",0.09,0.1,0.15,0.11
"Regressor_18","Regressor_10","concrete",0.07,0.12,0.18,0.26
"Regressor_18","Regressor_11","concrete",0.1,0.15,0.39,0.25
"Regressor_18","Regressor_12","concrete",0.09,0.06,0.22,0.26
"Regressor_18","Regressor_13","concrete",0.1,0.17,0.33,0.17
"Regressor_18","Regressor_14","concrete",0.06,0.12,0.39,0.14
"Regressor_18","Regressor_15","concrete",0.08,0.15,0.4,0.18
"Regressor_18","Regressor_16","concrete",0.09,0.08,0.4,0.08
"Regressor_18","Regressor_17","concrete",0.09,0.12,0.4,0.17
"Regressor_18","Regressor_19","concrete",0.07,0.24,0.4,0.12
"Regressor_18","Regressor_2","concrete",0.12,0.13,0.13,0.24
"Regressor_18","Regressor_20","concrete",0.09,0.07,0.38,0.2
"Regressor_18","Regressor_21","concrete",0.09,0.17,0.25,0.1
"Regressor_18","Regressor_22","concrete",0.11,0.09,0.3,0.14
"Regressor_18","Regressor_23","concrete",0.06,0.17,0.41,0.15
"Regressor_18","Regressor_24","concrete",0.09,0.07,0.3,0.18
"Regressor_18","Regressor_25","concrete",0.07,0.14,0.42,0.16
"Regressor_18","Regressor_26","concrete",0.11,0.11,0.37,0.23
"Regressor_18","Regressor_27","concrete",0.07,0.17,0.31,0.16
"Regressor_18","Regressor_28","concrete",0.08,0.1,0.37,0.18
"Regressor_18","Regressor_29","concrete",0.12,0.12,0.34,0.2
"Regressor_18","Regressor_3","concrete",0.09,0.13,0.35,0.18
"Regressor_18","Regressor_30","concrete",0.11,0.14,0.11,0.11
"Regressor_18","Regressor_31","concrete",0.08,0.16,0.24,0.1
"Regressor_18","Regressor_32","concrete",0.08,0.09,0.35,0.14
"Regressor_18","Regressor_33","concrete",0.07,0.12,0.39,0.15
"Regressor_18","Regressor_34","concrete",0.06,0.12,0.41,0.15
"Regressor_18","Regressor_35","concrete",0.11,0.13,0.2,0.28
"Regressor_18","Regressor_36","concrete",0.08,0.1,0.11,0.13
"Regressor_18","Regressor_4","concrete",0.07,0.09,0.36,0.15
"Regressor_18","Regressor_5","concrete",0.08,0.18,0.26,0.12
"Regressor_18","Regressor_6","concrete",0.11,0.08,0.36,0.13
"Regressor_18","Regressor_7","concrete",0.08,0.12,0.31,0.14
"Regressor_18","Regressor_8","concrete",0.1,0.09,0.4,0.17
"Regressor_18","Regressor_9","concrete",0.1,0.13,0.26,0.14
"Regressor_19","Regressor_1","concrete",0.09,0.17,0.19,0.11
"Regressor_19","Regressor_10","concrete",0.1,0.16,0.31,0.3
"Regressor_19","Regressor_11","concrete",0.11,0.17,0.18,0.18
"Regressor_19","Regressor_12","concrete",0.11,0.18,0.24,0.21
"Regressor_19","Regressor_13","concrete",0.07,0.15,0.38,0.13
"Regressor_19","Regressor_14","concrete",0.12,0.13,0.16,0.13
"Regressor_19","Regressor_15","concrete",0.07,0.18,0.23,0.2
"Regressor_19","Regressor_16","concrete",0.09,0.18,0.2,0.07
"Regressor_19","Regressor_17","concrete",0.08,0.18,0.18,0.19
"Regressor_19","Regressor_18","concrete",0.07,0.19,0.31,0.12
"Regressor_19","Regressor_2","concrete",0.13,0.1,0.24,0.27
"Regressor_19","Regressor_20","concrete",0.1,0.15,0.14,0.2
"Regressor_19","Regressor_21","concrete",0.06,0.15,0.4,0.13
"Regressor_19","Regressor_22","concrete",0.08,0.15,0.18,0.18
"Regressor_19","Regressor_23","concrete",0.08,0.21,0.25,0.15
"Regressor_19","Regressor_24","concrete",0.07,0.23,0.12,0.17
"Regressor_19","Regressor_25","concrete",0.08,0.13,0.22,0.18
"Regressor_19","Regressor_26","concrete",0.1,0.19,0.19,0.2
"Regressor_19","Regressor_27","concrete",0.12,0.13,0.12,0.11
"Regressor_19","Regressor_28","concrete",0.09,0.1,0.15,0.12
"Regressor_19","Regressor_29","concrete",0.15,0.22,0.19,0.21
"Regressor_19","Regressor_3","concrete",0.08,0.22,0.24,0.15
"Regressor_19","Regressor_30","concrete",0.07,0.15,0.28,0.08
"Regressor_19","Regressor_31","concrete",0.09,0.23,0.31,0.1
"Regressor_19","Regressor_32","concrete",0.11,0.16,0.15,0.07
"Regressor_19","Regressor_33","concrete",0.05,0.18,0.34,0.12
"Regressor_19","Regressor_34","concrete",0.07,0.17,0.19,0.11
"Regressor_19","Regressor_35","concrete",0.1,0.11,0.28,0.24
"Regressor_19","Regressor_36","concrete",0.1,0.17,0.17,0.09
"Regressor_19","Regressor_4","concrete",0.08,0.15,0.15,0.09
"Regressor_19","Regressor_5","concrete",0.07,0.14,0.22,0.1
"Regressor_19","Regressor_6","concrete",0.09,0.13,0.12,0.18
"Regressor_19","Regressor_7","concrete",0.05,0.15,0.23,0.11
"Regressor_19","Regressor_8","concrete",0.13,0.12,0.16,0.15
"Regressor_19","Regressor_9","concrete",0.12,0.2,0.35,0.09
"Regressor_2","Regressor_1","concrete",0.11,0.12,0.14,0.38
"Regressor_2","Regressor_10","concrete",0.08,0.11,0.17,0.18
"Regressor_2","Regressor_11","concrete",0.11,0.13,0.35,0.1
"Regressor_2","Regressor_12","concrete",0.12,0.1,0.12,0.49
"Regressor_2","Regressor_13","concrete",0.1,0.15,0.29,0.41
"Regressor_2","Regressor_14","concrete",0.11,0.15,0.34,0.33
"Regressor_2","Regressor_15","concrete",0.16,0.12,0.41,0.1
"Regressor_2","Regressor_16","concrete",0.12,0.1,0.38,0.3
"Regressor_2","Regressor_17","concrete",0.16,0.14,0.33,0.07
"Regressor_2","Regressor_18","concrete",0.12,0.12,0.13,0.29
"Regressor_2","Regressor_19","concrete",0.13,0.1,0.32,0.31
"Regressor_2","Regressor_20","concrete",0.1,0.11,0.31,0.14
"Regressor_2","Regressor_21","concrete",0.1,0.14,0.24,0.39
"Regressor_2","Regressor_22","concrete",0.16,0.08,0.3,0.36
"Regressor_2","Regressor_23","concrete",0.1,0.17,0.4,0.4
"Regressor_2","Regressor_24","concrete",0.13,0.11,0.21,0.37
"Regressor_2","Regressor_25","concrete",0.14,0.12,0.35,0.07
"Regressor_2","Regressor_26","concrete",0.06,0.1,0.34,0.06
"Regressor_2","Regressor_27","concrete",0.08,0.11,0.32,0.38
"Regressor_2","Regressor_28","concrete",0.1,0.09,0.28,0.36
"Regressor_2","Regressor_29","concrete",0.11,0.09,0.3,0.11
"Regressor_2","Regressor_3","concrete",0.1,0.16,0.38,0.37
"Regressor_2","Regressor_30","concrete",0.11,0.11,0.08,0.38
"Regressor_2","Regressor_31","concrete",0.07,0.13,0.3,0.38
"Regressor_2","Regressor_32","concrete",0.08,0.1,0.33,0.37
"Regressor_2","Regressor_33","concrete",0.1,0.13,0.22,0.43
"Regressor_2","Regressor_34","concrete",0.11,0.09,0.33,0.39
"Regressor_2","Regressor_35","concrete",0.12,0.12,0.25,0.22
"Regressor_2","Regressor_36","concrete",0.11,0.13,0.05,0.28
"Regressor_2","Regressor_4","concrete",0.12,0.09,0.33,0.31
"Regressor_2","Regressor_5","concrete",0.12,0.12,0.24,0.31
"Regressor_2","Regressor_6","concrete",0.11,0.07,0.34,0.38
"Regressor_2","Regressor_7","concrete",0.12,0.12,0.26,0.34
"Regressor_2","Regressor_8","concrete",0.12,0.08,0.3,0.4
"Regressor_2","Regressor_9","concrete",0.09,0.12,0.41,0.33
"Regressor_20","Regressor_1","concrete",0.08,0.13,0.22,0.37
"Regressor_20","Regressor_10","concrete",0.09,0.12,0.31,0.24
"Regressor_20","Regressor_11","concrete",0.08,0.15,0.12,0.12
"Regressor_20","Regressor_12","concrete",0.07,0.1,0.25,0.49
"Regressor_20","Regressor_13","concrete",0.08,0.16,0.36,0.29
"Regressor_20","Regressor_14","concrete",0.08,0.07,0.12,0.36
"Regressor_20","Regressor_15","concrete",0.12,0.19,0.2,0.13
"Regressor_20","Regressor_16","concrete",0.08,0.11,0.18,0.35
"Regressor_20","Regressor_17","concrete",0.11,0.12,0.09,0.11
"Regressor_20","Regressor_18","concrete",0.09,0.07,0.28,0.37
"Regressor_20","Regressor_19","concrete",0.1,0.2,0.14,0.3
"Regressor_20","Regressor_2","concrete",0.1,0.12,0.16,0.16
"Regressor_20","Regressor_21","concrete",0.09,0.23,0.3,0.47
"Regressor_20","Regressor_22","concrete",0.16,0.07,0.18,0.38
"Regressor_20","Regressor_23","concrete",0.12,0.18,0.25,0.45
"Regressor_20","Regressor_24","concrete",0.09,0.08,0.14,0.31
"Regressor_20","Regressor_25","concrete",0.07,0.15,0.15,0.12
"Regressor_20","Regressor_26","concrete",0.08,0.12,0.16,0.12
"Regressor_20","Regressor_27","concrete",0.08,0.18,0.14,0.36
"Regressor_20","Regressor_28","concrete",0.07,0.11,0.11,0.38
"Regressor_20","Regressor_29","concrete",0.09,0.07,0.15,0.11
"Regressor_20","Regressor_3","concrete",0.07,0.14,0.21,0.33
"Regressor_20","Regressor_30","concrete",0.05,0.14,0.2,0.34
"Regressor_20","Regressor_31","concrete",0.05,0.17,0.3,0.35
"Regressor_20","Regressor_32","concrete",0.07,0.1,0.11,0.37
"Regressor_20","Regressor_33","concrete",0.1,0.13,0.37,0.37
"Regressor_20","Regressor_34","concrete",0.08,0.07,0.09,0.39
"Regressor_20","Regressor_35","concrete",0.11,0.14,0.27,0.2
"Regressor_20","Regressor_36","concrete",0.1,0.11,0.19,0.33
"Regressor_20","Regressor_4","concrete",0.08,0.11,0.07,0.31
"Regressor_20","Regressor_5","concrete",0.09,0.18,0.16,0.33
"Regressor_20","Regressor_6","concrete",0.09,0.11,0.11,0.43
"Regressor_20","Regressor_7","concrete",0.13,0.16,0.19,0.3
"Regressor_20","Regressor_8","concrete",0.1,0.09,0.11,0.34
"Regressor_20","Regressor_9","concrete",0.07,0.13,0.38,0.3
"Regressor_21","Regressor_1","concrete",0.08,0.16,0.26,0.15
"Regressor_21","Regressor_10","concrete",0.09,0.13,0.28,0.22
"Regressor_21","Regressor_11","concrete",0.06,0.12,0.37,0.32
"Regressor_21","Regressor_12","concrete",0.11,0.14,0.27,0.21
"Regressor_21","Regressor_13","concrete",0.11,0.16,0.48,0.15
"Regressor_21","Regressor_14","concrete",0.08,0.18,0.41,0.07
"Regressor_21","Regressor_15","concrete",0.1,0.12,0.41,0.24
"Regressor_21","Regressor_16","concrete",0.06,0.15,0.38,0.11
"Regressor_21","Regressor_17","concrete",0.1,0.2,0.39,0.27
"Regressor_21","Regressor_18","concrete",0.09,0.17,0.25,0.1
"Regressor_21","Regressor_19","concrete",0.06,0.17,0.43,0.13
"Regressor_21","Regressor_2","concrete",0.1,0.16,0.22,0.28
"Regressor_21","Regressor_20","concrete",0.09,0.23,0.38,0.25
"Regressor_21","Regressor_22","concrete",0.12,0.14,0.26,0.19
"Regressor_21","Regressor_23","concrete",0.1,0.19,0.41,0.2
"Regressor_21","Regressor_24","concrete",0.07,0.21,0.31,0.16
"Regressor_21","Regressor_25","concrete",0.05,0.13,0.41,0.17
"Regressor_21","Regressor_26","concrete",0.09,0.17,0.33,0.33
"Regressor_21","Regressor_27","concrete",0.07,0.14,0.32,0.12
"Regressor_21","Regressor_28","concrete",0.07,0.16,0.39,0.14
"Regressor_21","Regressor_29","concrete",0.08,0.18,0.29,0.19
"Regressor_21","Regressor_3","concrete",0.07,0.16,0.33,0.11
"Regressor_21","Regressor_30","concrete",0.04,0.15,0.23,0.11
"Regressor_21","Regressor_31","concrete",0.06,0.17,0.4,0.19
"Regressor_21","Regressor_32","concrete",0.09,0.15,0.41,0.12
"Regressor_21","Regressor_33","concrete",0.06,0.24,0.31,0.16
"Regressor_21","Regressor_34","concrete",0.03,0.18,0.38,0.12
"Regressor_21","Regressor_35","concrete",0.08,0.15,0.37,0.32
"Regressor_21","Regressor_36","concrete",0.09,0.17,0.26,0.11
"Regressor_21","Regressor_4","concrete",0.09,0.15,0.32,0.14
"Regressor_21","Regressor_5","concrete",0.08,0.12,0.3,0.15
"Regressor_21","Regressor_6","concrete",0.07,0.16,0.34,0.17
"Regressor_21","Regressor_7","concrete",0.06,0.13,0.29,0.17
"Regressor_21","Regressor_8","concrete",0.1,0.17,0.36,0.14
"Regressor_21","Regressor_9","concrete",0.09,0.17,0.32,0.11
"Regressor_22","Regressor_1","concrete",0.1,0.07,0.16,0.17
"Regressor_22","Regressor_10","concrete",0.12,0.08,0.3,0.37
"Regressor_22","Regressor_11","concrete",0.12,0.11,0.17,0.32
"Regressor_22","Regressor_12","concrete",0.16,0.06,0.17,0.24
"Regressor_22","Regressor_13","concrete",0.03,0.14,0.34,0.19
"Regressor_22","Regressor_14","concrete",0.14,0.11,0.14,0.15
"Regressor_22","Regressor_15","concrete",0.05,0.11,0.22,0.22
"Regressor_22","Regressor_16","concrete",0.1,0.1,0.13,0.14
"Regressor_22","Regressor_17","concrete",0.1,0.09,0.19,0.21
"Regressor_22","Regressor_18","concrete",0.11,0.07,0.28,0.14
"Regressor_22","Regressor_19","concrete",0.08,0.16,0.21,0.19
"Regressor_22","Regressor_2","concrete",0.17,0.08,0.23,0.3
"Regressor_22","Regressor_20","concrete",0.16,0.06,0.19,0.28
"Regressor_22","Regressor_21","concrete",0.12,0.13,0.26,0.2
"Regressor_22","Regressor_23","concrete",0.11,0.21,0.22,0.14
"Regressor_22","Regressor_24","concrete",0.12,0.07,0.16,0.09
"Regressor_22","Regressor_25","concrete",0.1,0.11,0.22,0.26
"Regressor_22","Regressor_26","concrete",0.13,0.08,0.18,0.29
"Regressor_22","Regressor_27","concrete",0.14,0.12,0.14,0.17
"Regressor_22","Regressor_28","concrete",0.09,0.09,0.16,0.24
"Regressor_22","Regressor_29","concrete",0.14,0.1,0.18,0.28
"Regressor_22","Regressor_3","concrete",0.11,0.11,0.22,0.24
"Regressor_22","Regressor_30","concrete",0.15,0.09,0.18,0.13
"Regressor_22","Regressor_31","concrete",0.1,0.15,0.29,0.1
"Regressor_22","Regressor_32","concrete",0.11,0.1,0.13,0.16
"Regressor_22","Regressor_33","concrete",0.09,0.09,0.39,0.25
"Regressor_22","Regressor_34","concrete",0.11,0.09,0.14,0.17
"Regressor_22","Regressor_35","concrete",0.11,0.14,0.29,0.31
"Regressor_22","Regressor_36","concrete",0.09,0.09,0.22,0.16
"Regressor_22","Regressor_4","concrete",0.07,0.1,0.13,0.23
"Regressor_22","Regressor_5","concrete",0.07,0.1,0.22,0.09
"Regressor_22","Regressor_6","concrete",0.09,0.05,0.12,0.2
"Regressor_22","Regressor_7","concrete",0.11,0.13,0.21,0.17
"Regressor_22","Regressor_8","concrete",0.18,0.04,0.2,0.18
"Regressor_22","Regressor_9","concrete",0.1,0.13,0.25,0.17
"Regressor_23","Regressor_1","concrete",0.1,0.24,0.28,0.15
"Regressor_23","Regressor_10","concrete",0.07,0.23,0.37,0.37
"Regressor_23","Regressor_11","concrete",0.12,0.21,0.19,0.33
"Regressor_23","Regressor_12","concrete",0.13,0.15,0.36,0.21
"Regressor_23","Regressor_13","concrete",0.07,0.27,0.42,0.15
"Regressor_23","Regressor_14","concrete",0.11,0.21,0.29,0.2
"Regressor_23","Regressor_15","concrete",0.08,0.22,0.23,0.32
"Regressor_23","Regressor_16","concrete",0.08,0.16,0.22,0.1
"Regressor_23","Regressor_17","concrete",0.09,0.23,0.23,0.27
"Regressor_23","Regressor_18","concrete",0.05,0.17,0.34,0.15
"Regressor_23","Regressor_19","concrete",0.07,0.29,0.21,0.17
"Regressor_23","Regressor_2","concrete",0.1,0.19,0.3,0.3
"Regressor_23","Regressor_20","concrete",0.11,0.19,0.24,0.28
"Regressor_23","Regressor_21","concrete",0.09,0.26,0.33,0.21
"Regressor_23","Regressor_22","concrete",0.11,0.24,0.21,0.14
"Regressor_23","Regressor_24","concrete",0.1,0.19,0.2,0.12
"Regressor_23","Regressor_25","concrete",0.09,0.25,0.24,0.3
"Regressor_23","Regressor_26","concrete",0.1,0.22,0.19,0.35
"Regressor_23","Regressor_27","concrete",0.08,0.26,0.23,0.2
"Regressor_23","Regressor_28","concrete",0.1,0.19,0.2,0.13
"Regressor_23","Regressor_29","concrete",0.09,0.2,0.21,0.35
"Regressor_23","Regressor_3","concrete",0.07,0.26,0.27,0.17
"Regressor_23","Regressor_30","concrete",0.1,0.21,0.29,0.13
"Regressor_23","Regressor_31","concrete",0.09,0.16,0.33,0.1
"Regressor_23","Regressor_32","concrete",0.11,0.13,0.22,0.15
"Regressor_23","Regressor_33","concrete",0.06,0.24,0.39,0.17
"Regressor_23","Regressor_34","concrete",0.08,0.19,0.23,0.15
"Regressor_23","Regressor_35","concrete",0.07,0.2,0.32,0.38
"Regressor_23","Regressor_36","concrete",0.1,0.15,0.23,0.14
"Regressor_23","Regressor_4","concrete",0.07,0.16,0.2,0.16
"Regressor_23","Regressor_5","concrete",0.08,0.26,0.18,0.11
"Regressor_23","Regressor_6","concrete",0.09,0.21,0.2,0.16
"Regressor_23","Regressor_7","concrete",0.1,0.17,0.23,0.17
"Regressor_23","Regressor_8","concrete",0.07,0.21,0.23,0.17
"Regressor_23","Regressor_9","concrete",0.13,0.2,0.33,0.18
"Regressor_24","Regressor_1","concrete",0.12,0.1,0.19,0.17
"Regressor_24","Regressor_10","concrete",0.09,0.14,0.23,0.34
"Regressor_24","Regressor_11","concrete",0.11,0.13,0.13,0.32
"Regressor_24","Regressor_12","concrete",0.09,0.05,0.16,0.27
"Regressor_24","Regressor_13","concrete",0.1,0.18,0.34,0.14
"Regressor_24","Regressor_14","concrete",0.07,0.11,0.15,0.17
"Regressor_24","Regressor_15","concrete",0.11,0.17,0.19,0.25
"Regressor_24","Regressor_16","concrete",0.04,0.08,0.21,0.15
"Regressor_24","Regressor_17","concrete",0.08,0.13,0.16,0.26
"Regressor_24","Regressor_18","concrete",0.09,0.06,0.23,0.2
"Regressor_24","Regressor_19","concrete",0.08,0.27,0.12,0.17
"Regressor_24","Regressor_2","concrete",0.14,0.14,0.1,0.34
"Regressor_24","Regressor_20","concrete",0.1,0.08,0.15,0.25
"Regressor_24","Regressor_21","concrete",0.07,0.21,0.28,0.2
"Regressor_24","Regressor_22","concrete",0.13,0.07,0.14,0.11
"Regressor_24","Regressor_23","concrete",0.12,0.18,0.25,0.15
"Regressor_24","Regressor_25","concrete",0.1,0.17,0.19,0.3
"Regressor_24","Regressor_26","concrete",0.07,0.1,0.2,0.33
"Regressor_24","Regressor_27","concrete",0.06,0.18,0.15,0.16
"Regressor_24","Regressor_28","concrete",0.07,0.11,0.09,0.22
"Regressor_24","Regressor_29","concrete",0.13,0.1,0.17,0.32
"Regressor_24","Regressor_3","concrete",0.08,0.1,0.22,0.2
"Regressor_24","Regressor_30","concrete",0.09,0.14,0.16,0.09
"Regressor_24","Regressor_31","concrete",0.1,0.14,0.31,0.11
"Regressor_24","Regressor_32","concrete",0.06,0.08,0.12,0.15
"Regressor_24","Regressor_33","concrete",0.08,0.15,0.29,0.22
"Regressor_24","Regressor_34","concrete",0.04,0.09,0.14,0.1
"Regressor_24","Regressor_35","concrete",0.11,0.17,0.25,0.36
"Regressor_24","Regressor_36","concrete",0.09,0.07,0.15,0.18
"Regressor_24","Regressor_4","concrete",0.1,0.1,0.14,0.19
"Regressor_24","Regressor_5","concrete",0.12,0.15,0.23,0.13
"Regressor_24","Regressor_6","concrete",0.08,0.08,0.09,0.16
"Regressor_24","Regressor_7","concrete",0.11,0.15,0.16,0.19
"Regressor_24","Regressor_8","concrete",0.11,0.07,0.15,0.17
"Regressor_24","Regressor_9","concrete",0.09,0.11,0.34,0.15
"Regressor_25","Regressor_1","concrete",0.09,0.11,0.22,0.29
"Regressor_25","Regressor_10","concrete",0.09,0.11,0.23,0.16
"Regressor_25","Regressor_11","concrete",0.05,0.07,0.23,0.12
"Regressor_25","Regressor_12","concrete",0.07,0.13,0.34,0.43
"Regressor_25","Regressor_13","concrete",0.1,0.13,0.27,0.29
"Regressor_25","Regressor_14","concrete",0.08,0.15,0.1,0.24
"Regressor_25","Regressor_15","concrete",0.08,0.12,0.17,0.08
"Regressor_25","Regressor_16","concrete",0.07,0.11,0.13,0.24
"Regressor_25","Regressor_17","concrete",0.1,0.14,0.2,0.09
"Regressor_25","Regressor_18","concrete",0.07,0.12,0.28,0.22
"Regressor_25","Regressor_19","concrete",0.08,0.17,0.16,0.25
"Regressor_25","Regressor_2","concrete",0.14,0.12,0.23,0.07
"Regressor_25","Regressor_20","concrete",0.07,0.14,0.14,0.1
"Regressor_25","Regressor_21","concrete",0.05,0.14,0.4,0.31
"Regressor_25","Regressor_22","concrete",0.1,0.13,0.15,0.32
"Regressor_25","Regressor_23","concrete",0.1,0.21,0.23,0.4
"Regressor_25","Regressor_24","concrete",0.1,0.14,0.16,0.31
"Regressor_25","Regressor_26","concrete",0.12,0.17,0.15,0.06
"Regressor_25","Regressor_27","concrete",0.1,0.12,0.14,0.31
"Regressor_25","Regressor_28","concrete",0.08,0.08,0.16,0.33
"Regressor_25","Regressor_29","concrete",0.07,0.13,0.14,0.12
"Regressor_25","Regressor_3","concrete",0.06,0.13,0.18,0.27
"Regressor_25","Regressor_30","concrete",0.07,0.08,0.22,0.23
"Regressor_25","Regressor_31","concrete",0.09,0.17,0.29,0.32
"Regressor_25","Regressor_32","concrete",0.1,0.14,0.14,0.3
"Regressor_25","Regressor_33","concrete",0.1,0.15,0.29,0.34
"Regressor_25","Regressor_34","concrete",0.05,0.18,0.18,0.35
"Regressor_25","Regressor_35","concrete",0.09,0.08,0.27,0.17
"Regressor_25","Regressor_36","concrete",0.07,0.15,0.22,0.26
"Regressor_25","Regressor_4","concrete",0.08,0.1,0.12,0.22
"Regressor_25","Regressor_5","concrete",0.1,0.13,0.16,0.25
"Regressor_25","Regressor_6","concrete",0.05,0.11,0.13,0.34
"Regressor_25","Regressor_7","concrete",0.07,0.13,0.23,0.27
"Regressor_25","Regressor_8","concrete",0.1,0.15,0.12,0.32
"Regressor_25","Regressor_9","concrete",0.1,0.13,0.36,0.22
"Regressor_26","Regressor_1","concrete",0.12,0.09,0.25,0.39
"Regressor_26","Regressor_10","concrete",0.1,0.15,0.3,0.23
"Regressor_26","Regressor_11","concrete",0.12,0.13,0.2,0.1
"Regressor_26","Regressor_12","concrete",0.11,0.08,0.29,0.46
"Regressor_26","Regressor_13","concrete",0.08,0.15,0.39,0.36
"Regressor_26","Regressor_14","concrete",0.09,0.08,0.14,0.35
"Regressor_26","Regressor_15","concrete",0.11,0.2,0.18,0.07
"Regressor_26","Regressor_16","concrete",0.09,0.07,0.1,0.32
"Regressor_26","Regressor_17","concrete",0.12,0.14,0.2,0.08
"Regressor_26","Regressor_18","concrete",0.12,0.11,0.3,0.29
"Regressor_26","Regressor_19","concrete",0.11,0.21,0.22,0.29
"Regressor_26","Regressor_2","concrete",0.06,0.11,0.25,0.08
"Regressor_26","Regressor_20","concrete",0.1,0.11,0.16,0.11
"Regressor_26","Regressor_21","concrete",0.09,0.18,0.31,0.39
"Regressor_26","Regressor_22","concrete",0.13,0.1,0.18,0.38
"Regressor_26","Regressor_23","concrete",0.11,0.19,0.19,0.44
"Regressor_26","Regressor_24","concrete",0.07,0.09,0.2,0.36
"Regressor_26","Regressor_25","concrete",0.12,0.17,0.17,0.06
"Regressor_26","Regressor_27","concrete",0.1,0.24,0.23,0.35
"Regressor_26","Regressor_28","concrete",0.07,0.1,0.15,0.39
"Regressor_26","Regressor_29","concrete",0.1,0.11,0.14,0.11
"Regressor_26","Regressor_3","concrete",0.07,0.1,0.15,0.38
"Regressor_26","Regressor_30","concrete",0.13,0.16,0.25,0.35
"Regressor_26","Regressor_31","concrete",0.08,0.14,0.35,0.36
"Regressor_26","Regressor_32","concrete",0.05,0.07,0.14,0.37
"Regressor_26","Regressor_33","concrete",0.14,0.17,0.31,0.42
"Regressor_26","Regressor_34","concrete",0.08,0.07,0.22,0.39
"Regressor_26","Regressor_35","concrete",0.12,0.19,0.33,0.17
"Regressor_26","Regressor_36","concrete",0.07,0.08,0.23,0.28
"Regressor_26","Regressor_4","concrete",0.11,0.11,0.11,0.32
"Regressor_26","Regressor_5","concrete",0.13,0.12,0.16,0.35
"Regressor_26","Regressor_6","concrete",0.07,0.13,0.13,0.36
"Regressor_26","Regressor_7","concrete",0.13,0.14,0.19,0.36
"Regressor_26","Regressor_8","concrete",0.13,0.11,0.13,0.4
"Regressor_26","Regressor_9","concrete",0.06,0.11,0.34,0.3
"Regressor_27","Regressor_1","concrete",0.13,0.18,0.26,0.19
"Regressor_27","Regressor_10","concrete",0.06,0.12,0.35,0.34
"Regressor_27","Regressor_11","concrete",0.09,0.17,0.2,0.28
"Regressor_27","Regressor_12","concrete",0.09,0.12,0.28,0.22
"Regressor_27","Regressor_13","concrete",0.12,0.17,0.42,0.15
"Regressor_27","Regressor_14","concrete",0.07,0.19,0.2,0.1
"Regressor_27","Regressor_15","concrete",0.15,0.11,0.26,0.23
"Regressor_27","Regressor_16","concrete",0.07,0.15,0.22,0.09
"Regressor_27","Regressor_17","concrete",0.13,0.17,0.23,0.24
"Regressor_27","Regressor_18","concrete",0.07,0.16,0.3,0.16
"Regressor_27","Regressor_19","concrete",0.12,0.15,0.15,0.13
"Regressor_27","Regressor_2","concrete",0.08,0.11,0.24,0.3
"Regressor_27","Regressor_20","concrete",0.09,0.18,0.18,0.21
"Regressor_27","Regressor_21","concrete",0.07,0.12,0.32,0.13
"Regressor_27","Regressor_22","concrete",0.14,0.12,0.14,0.17
"Regressor_27","Regressor_23","concrete",0.09,0.23,0.26,0.21
"Regressor_27","Regressor_24","concrete",0.06,0.18,0.2,0.13
"Regressor_27","Regressor_25","concrete",0.1,0.12,0.19,0.21
"Regressor_27","Regressor_26","concrete",0.09,0.22,0.26,0.31
"Regressor_27","Regressor_28","concrete",0.09,0.17,0.21,0.17
"Regressor_27","Regressor_29","concrete",0.12,0.15,0.2,0.26
"Regressor_27","Regressor_3","concrete",0.06,0.16,0.26,0.16
"Regressor_27","Regressor_30","concrete",0.08,0.14,0.21,0.09
"Regressor_27","Regressor_31","concrete",0.07,0.2,0.36,0.17
"Regressor_27","Regressor_32","concrete",0.06,0.19,0.17,0.11
"Regressor_27","Regressor_33","concrete",0.1,0.14,0.37,0.17
"Regressor_27","Regressor_34","concrete",0.06,0.16,0.2,0.16
"Regressor_27","Regressor_35","concrete",0.1,0.15,0.29,0.29
"Regressor_27","Regressor_36","concrete",0.11,0.18,0.31,0.1
"Regressor_27","Regressor_4","concrete",0.13,0.17,0.19,0.13
"Regressor_27","Regressor_5","concrete",0.15,0.16,0.24,0.12
"Regressor_27","Regressor_6","concrete",0.08,0.13,0.17,0.18
"Regressor_27","Regressor_7","concrete",0.12,0.15,0.25,0.14
"Regressor_27","Regressor_8","concrete",0.09,0.15,0.18,0.18
"Regressor_27","Regressor_9","concrete",0.12,0.17,0.37,0.09
"Regressor_28","Regressor_1","concrete",0.08,0.09,0.24,0.18
"Regressor_28","Regressor_10","concrete",0.09,0.1,0.31,0.29
"Regressor_28","Regressor_11","concrete",0.04,0.11,0.11,0.23
"Regressor_28","Regressor_12","concrete",0.11,0.06,0.22,0.19
"Regressor_28","Regressor_13","concrete",0.08,0.13,0.39,0.18
"Regressor_28","Regressor_14","concrete",0.07,0.1,0.11,0.14
"Regressor_28","Regressor_15","concrete",0.1,0.12,0.15,0.19
"Regressor_28","Regressor_16","concrete",0.06,0.09,0.11,0.12
"Regressor_28","Regressor_17","concrete",0.11,0.1,0.13,0.24
"Regressor_28","Regressor_18","concrete",0.08,0.1,0.29,0.17
"Regressor_28","Regressor_19","concrete",0.09,0.14,0.16,0.12
"Regressor_28","Regressor_2","concrete",0.1,0.1,0.23,0.28
"Regressor_28","Regressor_20","concrete",0.07,0.11,0.11,0.29
"Regressor_28","Regressor_21","concrete",0.07,0.16,0.39,0.15
"Regressor_28","Regressor_22","concrete",0.09,0.1,0.15,0.24
"Regressor_28","Regressor_23","concrete",0.1,0.16,0.22,0.13
"Regressor_28","Regressor_24","concrete",0.06,0.1,0.09,0.2
"Regressor_28","Regressor_25","concrete",0.08,0.08,0.19,0.23
"Regressor_28","Regressor_26","concrete",0.06,0.1,0.15,0.3
"Regressor_28","Regressor_27","concrete",0.08,0.17,0.17,0.16
"Regressor_28","Regressor_29","concrete",0.08,0.13,0.2,0.25
"Regressor_28","Regressor_3","concrete",0.07,0.11,0.17,0.14
"Regressor_28","Regressor_30","concrete",0.09,0.13,0.23,0.16
"Regressor_28","Regressor_31","concrete",0.05,0.14,0.3,0.17
"Regressor_28","Regressor_32","concrete",0.05,0.09,0.13,0.13
"Regressor_28","Regressor_33","concrete",0.09,0.15,0.33,0.13
"Regressor_28","Regressor_34","concrete",0.06,0.11,0.12,0.11
"Regressor_28","Regressor_35","concrete",0.11,0.1,0.28,0.3
"Regressor_28","Regressor_36","concrete",0.04,0.08,0.15,0.12
"Regressor_28","Regressor_4","concrete",0.1,0.08,0.13,0.08
"Regressor_28","Regressor_5","concrete",0.1,0.08,0.15,0.1
"Regressor_28","Regressor_6","concrete",0.07,0.09,0.08,0.17
"Regressor_28","Regressor_7","concrete",0.13,0.13,0.2,0.11
"Regressor_28","Regressor_8","concrete",0.1,0.1,0.15,0.15
"Regressor_28","Regressor_9","concrete",0.03,0.12,0.3,0.14
"Regressor_29","Regressor_1","concrete",0.14,0.13,0.26,0.33
"Regressor_29","Regressor_10","concrete",0.13,0.22,0.28,0.15
"Regressor_29","Regressor_11","concrete",0.09,0.16,0.17,0.1
"Regressor_29","Regressor_12","concrete",0.12,0.17,0.26,0.5
"Regressor_29","Regressor_13","concrete",0.11,0.19,0.33,0.29
"Regressor_29","Regressor_14","concrete",0.11,0.14,0.21,0.29
"Regressor_29","Regressor_15","concrete",0.13,0.26,0.2,0.08
"Regressor_29","Regressor_16","concrete",0.09,0.19,0.16,0.3
"Regressor_29","Regressor_17","concrete",0.18,0.16,0.25,0.07
"Regressor_29","Regressor_18","concrete",0.12,0.16,0.32,0.27
"Regressor_29","Regressor_19","concrete",0.15,0.26,0.21,0.3
"Regressor_29","Regressor_2","concrete",0.11,0.14,0.21,0.11
"Regressor_29","Regressor_20","concrete",0.09,0.09,0.19,0.09
"Regressor_29","Regressor_21","concrete",0.08,0.24,0.3,0.33
"Regressor_29","Regressor_22","concrete",0.14,0.11,0.18,0.36
"Regressor_29","Regressor_23","concrete",0.11,0.21,0.25,0.47
"Regressor_29","Regressor_24","concrete",0.13,0.14,0.2,0.35
"Regressor_29","Regressor_25","concrete",0.07,0.17,0.2,0.12
"Regressor_29","Regressor_26","concrete",0.08,0.16,0.16,0.11
"Regressor_29","Regressor_27","concrete",0.12,0.17,0.2,0.35
"Regressor_29","Regressor_28","concrete",0.08,0.15,0.22,0.35
"Regressor_29","Regressor_3","concrete",0.09,0.18,0.26,0.36
"Regressor_29","Regressor_30","concrete",0.12,0.16,0.26,0.32
"Regressor_29","Regressor_31","concrete",0.08,0.23,0.4,0.38
"Regressor_29","Regressor_32","concrete",0.11,0.15,0.17,0.34
"Regressor_29","Regressor_33","concrete",0.15,0.2,0.36,0.37
"Regressor_29","Regressor_34","concrete",0.1,0.18,0.21,0.37
"Regressor_29","Regressor_35","concrete",0.11,0.19,0.25,0.18
"Regressor_29","Regressor_36","concrete",0.09,0.1,0.23,0.33
"Regressor_29","Regressor_4","concrete",0.11,0.16,0.16,0.29
"Regressor_29","Regressor_5","concrete",0.12,0.24,0.22,0.39
"Regressor_29","Regressor_6","concrete",0.08,0.18,0.17,0.33
"Regressor_29","Regressor_7","concrete",0.15,0.18,0.16,0.33
"Regressor_29","Regressor_8","concrete",0.11,0.13,0.18,0.35
"Regressor_29","Regressor_9","concrete",0.08,0.18,0.36,0.33
"Regressor_3","Regressor_1","concrete",0.1,0.12,0.19,0.2
"Regressor_3","Regressor_10","concrete",0.09,0.16,0.32,0.27
"Regressor_3","Regressor_11","concrete",0.08,0.13,0.28,0.28
"Regressor_3","Regressor_12","concrete",0.07,0.11,0.3,0.23
"Regressor_3","Regressor_13","concrete",0.07,0.15,0.42,0.12
"Regressor_3","Regressor_14","concrete",0.05,0.15,0.2,0.12
"Regressor_3","Regressor_15","concrete",0.1,0.12,0.22,0.28
"Regressor_3","Regressor_16","concrete",0.06,0.12,0.21,0.1
"Regressor_3","Regressor_17","concrete",0.13,0.14,0.31,0.31
"Regressor_3","Regressor_18","concrete",0.1,0.13,0.33,0.17
"Regressor_3","Regressor_19","concrete",0.08,0.22,0.26,0.15
"Regressor_3","Regressor_2","concrete",0.1,0.16,0.34,0.31
"Regressor_3","Regressor_20","concrete",0.08,0.14,0.23,0.26
"Regressor_3","Regressor_21","concrete",0.07,0.16,0.34,0.11
"Regressor_3","Regressor_22","concrete",0.11,0.11,0.22,0.22
"Regressor_3","Regressor_23","concrete",0.08,0.21,0.31,0.17
"Regressor_3","Regressor_24","concrete",0.08,0.1,0.25,0.19
"Regressor_3","Regressor_25","concrete",0.06,0.13,0.28,0.22
"Regressor_3","Regressor_26","concrete",0.07,0.1,0.17,0.32
"Regressor_3","Regressor_27","concrete",0.06,0.17,0.26,0.15
"Regressor_3","Regressor_28","concrete",0.08,0.12,0.19,0.12
"Regressor_3","Regressor_29","concrete",0.09,0.16,0.26,0.27
"Regressor_3","Regressor_30","concrete",0.07,0.16,0.27,0.12
"Regressor_3","Regressor_31","concrete",0.05,0.15,0.39,0.15
"Regressor_3","Regressor_32","concrete",0.09,0.12,0.25,0.16
"Regressor_3","Regressor_33","concrete",0.09,0.14,0.28,0.17
"Regressor_3","Regressor_34","concrete",0.05,0.13,0.23,0.13
"Regressor_3","Regressor_35","concrete",0.1,0.18,0.41,0.29
"Regressor_3","Regressor_36","concrete",0.07,0.08,0.27,0.16
"Regressor_3","Regressor_4","concrete",0.07,0.15,0.19,0.13
"Regressor_3","Regressor_5","concrete",0.09,0.09,0.3,0.12
"Regressor_3","Regressor_6","concrete",0.04,0.13,0.2,0.22
"Regressor_3","Regressor_7","concrete",0.08,0.16,0.25,0.13
"Regressor_3","Regressor_8","concrete",0.09,0.09,0.19,0.11
"Regressor_3","Regressor_9","concrete",0.1,0.14,0.33,0.09
"Regressor_30","Regressor_1","concrete",0.12,0.21,0.15,0.12
"Regressor_30","Regressor_10","concrete",0.12,0.11,0.15,0.33
"Regressor_30","Regressor_11","concrete",0.09,0.14,0.38,0.3
"Regressor_30","Regressor_12","concrete",0.09,0.13,0.16,0.21
"Regressor_30","Regressor_13","concrete",0.09,0.2,0.34,0.1
"Regressor_30","Regressor_14","concrete",0.1,0.16,0.43,0.08
"Regressor_30","Regressor_15","concrete",0.1,0.1,0.37,0.18
"Regressor_30","Regressor_16","concrete",0.07,0.12,0.4,0.06
"Regressor_30","Regressor_17","concrete",0.11,0.14,0.42,0.24
"Regressor_30","Regressor_18","concrete",0.11,0.14,0.12,0.11
"Regressor_30","Regressor_19","concrete",0.07,0.19,0.42,0.08
"Regressor_30","Regressor_2","concrete",0.11,0.11,0.09,0.29
"Regressor_30","Regressor_20","concrete",0.05,0.14,0.35,0.24
"Regressor_30","Regressor_21","concrete",0.04,0.16,0.32,0.11
"Regressor_30","Regressor_22","concrete",0.15,0.1,0.3,0.13
"Regressor_30","Regressor_23","concrete",0.11,0.2,0.44,0.13
"Regressor_30","Regressor_24","concrete",0.09,0.14,0.29,0.09
"Regressor_30","Regressor_25","concrete",0.07,0.12,0.4,0.19
"Regressor_30","Regressor_26","concrete",0.12,0.16,0.41,0.29
"Regressor_30","Regressor_27","concrete",0.08,0.14,0.31,0.09
"Regressor_30","Regressor_28","concrete",0.09,0.14,0.38,0.17
"Regressor_30","Regressor_29","concrete",0.12,0.13,0.32,0.24
"Regressor_30","Regressor_3","concrete",0.07,0.16,0.36,0.14
"Regressor_30","Regressor_31","concrete",0.07,0.22,0.38,0.08
"Regressor_30","Regressor_32","concrete",0.1,0.13,0.35,0.07
"Regressor_30","Regressor_33","concrete",0.08,0.13,0.27,0.16
"Regressor_30","Regressor_34","concrete",0.06,0.16,0.37,0.11
"Regressor_30","Regressor_35","concrete",0.11,0.15,0.26,0.28
"Regressor_30","Regressor_36","concrete",0.1,0.13,0.05,0.07
"Regressor_30","Regressor_4","concrete",0.09,0.13,0.33,0.12
"Regressor_30","Regressor_5","concrete",0.09,0.15,0.39,0.09
"Regressor_30","Regressor_6","concrete",0.05,0.09,0.36,0.16
"Regressor_30","Regressor_7","concrete",0.11,0.13,0.35,0.09
"Regressor_30","Regressor_8","concrete",0.08,0.13,0.39,0.11
"Regressor_30","Regressor_9","concrete",0.11,0.17,0.34,0.06
"Regressor_31","Regressor_1","concrete",0.05,0.11,0.14,0.13
"Regressor_31","Regressor_10","concrete",0.07,0.17,0.17,0.32
"Regressor_31","Regressor_11","concrete",0.03,0.16,0.39,0.27
"Regressor_31","Regressor_12","concrete",0.07,0.14,0.24,0.17
"Regressor_31","Regressor_13","concrete",0.06,0.13,0.29,0.1
"Regressor_31","Regressor_14","concrete",0.08,0.16,0.35,0.15
"Regressor_31","Regressor_15","concrete",0.1,0.15,0.4,0.23
"Regressor_31","Regressor_16","concrete",0.06,0.09,0.37,0.07
"Regressor_31","Regressor_17","concrete",0.15,0.2,0.31,0.19
"Regressor_31","Regressor_18","concrete",0.08,0.12,0.23,0.1
"Regressor_31","Regressor_19","concrete",0.09,0.23,0.32,0.1
"Regressor_31","Regressor_2","concrete",0.07,0.13,0.2,0.3
"Regressor_31","Regressor_20","concrete",0.05,0.15,0.34,0.24
"Regressor_31","Regressor_21","concrete",0.06,0.14,0.34,0.19
"Regressor_31","Regressor_22","concrete",0.1,0.15,0.28,0.1
"Regressor_31","Regressor_23","concrete",0.09,0.11,0.37,0.1
"Regressor_31","Regressor_24","concrete",0.08,0.12,0.35,0.09
"Regressor_31","Regressor_25","concrete",0.09,0.16,0.36,0.25
"Regressor_31","Regressor_26","concrete",0.07,0.13,0.35,0.31
"Regressor_31","Regressor_27","concrete",0.07,0.2,0.36,0.17
"Regressor_31","Regressor_28","concrete",0.05,0.14,0.3,0.17
"Regressor_31","Regressor_29","concrete",0.08,0.15,0.39,0.31
"Regressor_31","Regressor_3","concrete",0.05,0.15,0.37,0.16
"Regressor_31","Regressor_30","concrete",0.07,0.2,0.29,0.08
"Regressor_31","Regressor_32","concrete",0.08,0.14,0.32,0.08
"Regressor_31","Regressor_33","concrete",0.1,0.2,0.3,0.13
"Regressor_31","Regressor_34","concrete",0.07,0.13,0.37,0.1
"Regressor_31","Regressor_35","concrete",0.08,0.16,0.35,0.32
"Regressor_31","Regressor_36","concrete",0.05,0.15,0.17,0.13
"Regressor_31","Regressor_4","concrete",0.07,0.11,0.3,0.16
"Regressor_31","Regressor_5","concrete",0.07,0.12,0.32,0.09
"Regressor_31","Regressor_6","concrete",0.06,0.15,0.29,0.16
"Regressor_31","Regressor_7","concrete",0.11,0.17,0.28,0.09
"Regressor_31","Regressor_8","concrete",0.11,0.12,0.28,0.12
"Regressor_31","Regressor_9","concrete",0.06,0.12,0.35,0.14
"Regressor_32","Regressor_1","concrete",0.12,0.13,0.22,0.18
"Regressor_32","Regressor_10","concrete",0.12,0.14,0.26,0.3
"Regressor_32","Regressor_11","concrete",0.09,0.13,0.14,0.27
"Regressor_32","Regressor_12","concrete",0.11,0.06,0.22,0.16
"Regressor_32","Regressor_13","concrete",0.07,0.17,0.31,0.09
"Regressor_32","Regressor_14","concrete",0.06,0.13,0.12,0.09
"Regressor_32","Regressor_15","concrete",0.12,0.12,0.15,0.18
"Regressor_32","Regressor_16","concrete",0.07,0.07,0.11,0.06
"Regressor_32","Regressor_17","concrete",0.09,0.14,0.11,0.24
"Regressor_32","Regressor_18","concrete",0.09,0.09,0.25,0.14
"Regressor_32","Regressor_19","concrete",0.12,0.19,0.14,0.07
"Regressor_32","Regressor_2","concrete",0.09,0.1,0.14,0.31
"Regressor_32","Regressor_20","concrete",0.08,0.1,0.11,0.23
"Regressor_32","Regressor_21","concrete",0.09,0.16,0.33,0.12
"Regressor_32","Regressor_22","concrete",0.12,0.11,0.11,0.16
"Regressor_32","Regressor_23","concrete",0.11,0.13,0.23,0.14
"Regressor_32","Regressor_24","concrete",0.06,0.08,0.12,0.14
"Regressor_32","Regressor_25","concrete",0.1,0.14,0.15,0.19
"Regressor_32","Regressor_26","concrete",0.05,0.07,0.14,0.31
"Regressor_32","Regressor_27","concrete",0.06,0.19,0.15,0.1
"Regressor_32","Regressor_28","concrete",0.06,0.09,0.12,0.12
"Regressor_32","Regressor_29","concrete",0.11,0.11,0.16,0.28
"Regressor_32","Regressor_3","concrete",0.09,0.12,0.22,0.16
"Regressor_32","Regressor_30","concrete",0.1,0.13,0.19,0.07
"Regressor_32","Regressor_31","concrete",0.09,0.14,0.3,0.07
"Regressor_32","Regressor_33","concrete",0.11,0.19,0.3,0.07
"Regressor_32","Regressor_34","concrete",0.05,0.11,0.13,0.07
"Regressor_32","Regressor_35","concrete",0.13,0.12,0.3,0.3
"Regressor_32","Regressor_36","concrete",0.07,0.08,0.16,0.12
"Regressor_32","Regressor_4","concrete",0.11,0.08,0.09,0.09
"Regressor_32","Regressor_5","concrete",0.14,0.1,0.16,0.08
"Regressor_32","Regressor_6","concrete",0.1,0.1,0.1,0.15
"Regressor_32","Regressor_7","concrete",0.13,0.11,0.18,0.05
"Regressor_32","Regressor_8","concrete",0.13,0.09,0.13,0.12
"Regressor_32","Regressor_9","concrete",0.07,0.13,0.31,0.1
"Regressor_33","Regressor_1","concrete",0.11,0.12,0.25,0.13
"Regressor_33","Regressor_10","concrete",0.11,0.13,0.24,0.25
"Regressor_33","Regressor_11","concrete",0.11,0.17,0.47,0.27
"Regressor_33","Regressor_12","concrete",0.14,0.12,0.22,0.16
"Regressor_33","Regressor_13","concrete",0.08,0.23,0.36,0.1
"Regressor_33","Regressor_14","concrete",0.11,0.16,0.42,0.17
"Regressor_33","Regressor_15","concrete",0.08,0.18,0.43,0.28
"Regressor_33","Regressor_16","concrete",0.07,0.15,0.38,0.11
"Regressor_33","Regressor_17","concrete",0.06,0.15,0.41,0.26
"Regressor_33","Regressor_18","concrete",0.07,0.12,0.37,0.14
"Regressor_33","Regressor_19","concrete",0.05,0.21,0.39,0.12
"Regressor_33","Regressor_2","concrete",0.1,0.15,0.21,0.34
"Regressor_33","Regressor_20","concrete",0.1,0.13,0.42,0.3
"Regressor_33","Regressor_21","concrete",0.06,0.24,0.32,0.16
"Regressor_33","Regressor_22","concrete",0.09,0.09,0.4,0.24
"Regressor_33","Regressor_23","concrete",0.06,0.21,0.42,0.16
"Regressor_33","Regressor_24","concrete",0.07,0.15,0.39,0.21
"Regressor_33","Regressor_25","concrete",0.1,0.15,0.37,0.24
"Regressor_33","Regressor_26","concrete",0.13,0.17,0.36,0.31
"Regressor_33","Regressor_27","concrete",0.1,0.14,0.37,0.16
"Regressor_33","Regressor_28","concrete",0.09,0.15,0.37,0.11
"Regressor_33","Regressor_29","concrete",0.14,0.16,0.37,0.3
"Regressor_33","Regressor_3","concrete",0.09,0.13,0.28,0.17
"Regressor_33","Regressor_30","concrete",0.08,0.13,0.15,0.15
"Regressor_33","Regressor_31","concrete",0.1,0.22,0.31,0.13
"Regressor_33","Regressor_32","concrete",0.1,0.19,0.43,0.07
"Regressor_33","Regressor_34","concrete",0.05,0.18,0.39,0.15
"Regressor_33","Regressor_35","concrete",0.1,0.19,0.38,0.33
"Regressor_33","Regressor_36","concrete",0.13,0.15,0.22,0.16
"Regressor_33","Regressor_4","concrete",0.09,0.16,0.36,0.13
"Regressor_33","Regressor_5","concrete",0.07,0.16,0.36,0.14
"Regressor_33","Regressor_6","concrete",0.1,0.12,0.34,0.17
"Regressor_33","Regressor_7","concrete",0.06,0.18,0.39,0.1
"Regressor_33","Regressor_8","concrete",0.11,0.12,0.36,0.14
"Regressor_33","Regressor_9","concrete",0.12,0.15,0.34,0.13
"Regressor_34","Regressor_1","concrete",0.1,0.11,0.27,0.13
"Regressor_34","Regressor_10","concrete",0.09,0.12,0.34,0.3
"Regressor_34","Regressor_11","concrete",0.08,0.12,0.13,0.23
"Regressor_34","Regressor_12","concrete",0.11,0.09,0.24,0.21
"Regressor_34","Regressor_13","concrete",0.09,0.11,0.34,0.12
"Regressor_34","Regressor_14","concrete",0.05,0.12,0.08,0.14
"Regressor_34","Regressor_15","concrete",0.09,0.14,0.21,0.23
"Regressor_34","Regressor_16","concrete",0.03,0.09,0.14,0.1
"Regressor_34","Regressor_17","concrete",0.07,0.09,0.15,0.26
"Regressor_34","Regressor_18","concrete",0.06,0.12,0.3,0.15
"Regressor_34","Regressor_19","concrete",0.07,0.18,0.18,0.12
"Regressor_34","Regressor_2","concrete",0.11,0.09,0.21,0.33
"Regressor_34","Regressor_20","concrete",0.09,0.07,0.08,0.26
"Regressor_34","Regressor_21","concrete",0.03,0.18,0.33,0.14
"Regressor_34","Regressor_22","concrete",0.11,0.1,0.11,0.17
"Regressor_34","Regressor_23","concrete",0.09,0.17,0.23,0.15
"Regressor_34","Regressor_24","concrete",0.04,0.09,0.12,0.1
"Regressor_34","Regressor_25","concrete",0.05,0.18,0.19,0.27
"Regressor_34","Regressor_26","concrete",0.08,0.07,0.21,0.31
"Regressor_34","Regressor_27","concrete",0.06,0.17,0.13,0.16
"Regressor_34","Regressor_28","concrete",0.06,0.11,0.12,0.11
"Regressor_34","Regressor_29","concrete",0.1,0.12,0.15,0.32
"Regressor_34","Regressor_3","concrete",0.05,0.13,0.19,0.13
"Regressor_34","Regressor_30","concrete",0.06,0.16,0.24,0.11
"Regressor_34","Regressor_31","concrete",0.07,0.13,0.32,0.1
"Regressor_34","Regressor_32","concrete",0.05,0.11,0.12,0.07
"Regressor_34","Regressor_33","concrete",0.05,0.18,0.35,0.15
"Regressor_34","Regressor_35","concrete",0.1,0.16,0.3,0.32
"Regressor_34","Regressor_36","concrete",0.09,0.12,0.23,0.17
"Regressor_34","Regressor_4","concrete",0.08,0.11,0.08,0.09
"Regressor_34","Regressor_5","concrete",0.08,0.1,0.21,0.08
"Regressor_34","Regressor_6","concrete",0.05,0.1,0.12,0.16
"Regressor_34","Regressor_7","concrete",0.07,0.13,0.21,0.1
"Regressor_34","Regressor_8","concrete",0.09,0.09,0.12,0.17
"Regressor_34","Regressor_9","concrete",0.09,0.1,0.37,0.12
"Regressor_35","Regressor_1","concrete",0.06,0.12,0.31,0.33
"Regressor_35","Regressor_10","concrete",0.05,0.13,0.25,0.12
"Regressor_35","Regressor_11","concrete",0.1,0.13,0.41,0.1
"Regressor_35","Regressor_12","concrete",0.1,0.12,0.33,0.49
"Regressor_35","Regressor_13","concrete",0.07,0.15,0.35,0.34
"Regressor_35","Regressor_14","concrete",0.12,0.15,0.41,0.28
"Regressor_35","Regressor_15","concrete",0.06,0.2,0.47,0.13
"Regressor_35","Regressor_16","concrete",0.08,0.1,0.43,0.31
"Regressor_35","Regressor_17","concrete",0.12,0.2,0.33,0.1
"Regressor_35","Regressor_18","concrete",0.11,0.13,0.24,0.31
"Regressor_35","Regressor_19","concrete",0.1,0.14,0.35,0.27
"Regressor_35","Regressor_2","concrete",0.12,0.13,0.32,0.21
"Regressor_35","Regressor_20","concrete",0.11,0.14,0.37,0.14
"Regressor_35","Regressor_21","concrete",0.08,0.15,0.43,0.37
"Regressor_35","Regressor_22","concrete",0.11,0.16,0.35,0.33
"Regressor_35","Regressor_23","concrete",0.08,0.18,0.41,0.41
"Regressor_35","Regressor_24","concrete",0.11,0.17,0.36,0.36
"Regressor_35","Regressor_25","concrete",0.09,0.09,0.46,0.14
"Regressor_35","Regressor_26","concrete",0.11,0.19,0.36,0.14
"Regressor_35","Regressor_27","concrete",0.1,0.15,0.34,0.32
"Regressor_35","Regressor_28","concrete",0.11,0.1,0.33,0.33
"Regressor_35","Regressor_29","concrete",0.11,0.17,0.27,0.15
"Regressor_35","Regressor_3","concrete",0.1,0.18,0.43,0.35
"Regressor_35","Regressor_30","concrete",0.11,0.14,0.26,0.3
"Regressor_35","Regressor_31","concrete",0.08,0.16,0.37,0.35
"Regressor_35","Regressor_32","concrete",0.13,0.12,0.45,0.34
"Regressor_35","Regressor_33","concrete",0.1,0.21,0.41,0.37
"Regressor_35","Regressor_34","concrete",0.1,0.16,0.42,0.34
"Regressor_35","Regressor_36","concrete",0.1,0.13,0.23,0.32
"Regressor_35","Regressor_4","concrete",0.06,0.12,0.36,0.27
"Regressor_35","Regressor_5","concrete",0.07,0.17,0.36,0.28
"Regressor_35","Regressor_6","concrete",0.1,0.12,0.32,0.38
"Regressor_35","Regressor_7","concrete",0.08,0.16,0.37,0.35
"Regressor_35","Regressor_8","concrete",0.13,0.14,0.43,0.38
"Regressor_35","Regressor_9","concrete",0.11,0.13,0.37,0.24
"Regressor_36","Regressor_1","concrete",0.09,0.12,0.13,0.21
"Regressor_36","Regressor_10","concrete",0.09,0.14,0.13,0.25
"Regressor_36","Regressor_11","concrete",0.02,0.12,0.34,0.31
"Regressor_36","Regressor_12","concrete",0.07,0.06,0.11,0.22
"Regressor_36","Regressor_13","concrete",0.07,0.15,0.31,0.2
"Regressor_36","Regressor_14","concrete",0.08,0.13,0.36,0.16
"Regressor_36","Regressor_15","concrete",0.09,0.13,0.37,0.22
"Regressor_36","Regressor_16","concrete",0.07,0.12,0.4,0.1
"Regressor_36","Regressor_17","concrete",0.11,0.14,0.36,0.24
"Regressor_36","Regressor_18","concrete",0.08,0.1,0.13,0.14
"Regressor_36","Regressor_19","concrete",0.1,0.2,0.3,0.11
"Regressor_36","Regressor_2","concrete",0.11,0.14,0.06,0.21
"Regressor_36","Regressor_20","concrete",0.09,0.11,0.34,0.22
"Regressor_36","Regressor_21","concrete",0.08,0.18,0.32,0.15
"Regressor_36","Regressor_22","concrete",0.08,0.11,0.34,0.2
"Regressor_36","Regressor_23","concrete",0.1,0.15,0.45,0.15
"Regressor_36","Regressor_24","concrete",0.07,0.07,0.28,0.17
"Regressor_36","Regressor_25","concrete",0.06,0.19,0.4,0.19
"Regressor_36","Regressor_26","concrete",0.06,0.1,0.34,0.25
"Regressor_36","Regressor_27","concrete",0.1,0.21,0.35,0.12
"Regressor_36","Regressor_28","concrete",0.03,0.08,0.28,0.16
"Regressor_36","Regressor_29","concrete",0.08,0.1,0.3,0.25
"Regressor_36","Regressor_3","concrete",0.07,0.11,0.38,0.18
"Regressor_36","Regressor_30","concrete",0.1,0.13,0.05,0.09
"Regressor_36","Regressor_31","concrete",0.05,0.17,0.27,0.14
"Regressor_36","Regressor_32","concrete",0.05,0.08,0.31,0.13
"Regressor_36","Regressor_33","concrete",0.13,0.16,0.26,0.19
"Regressor_36","Regressor_34","concrete",0.08,0.12,0.36,0.17
"Regressor_36","Regressor_35","concrete",0.09,0.13,0.23,0.32
"Regressor_36","Regressor_4","concrete",0.1,0.1,0.33,0.16
"Regressor_36","Regressor_5","concrete",0.11,0.13,0.37,0.17
"Regressor_36","Regressor_6","concrete",0.08,0.1,0.3,0.17
"Regressor_36","Regressor_7","concrete",0.13,0.12,0.33,0.19
"Regressor_36","Regressor_8","concrete",0.11,0.11,0.34,0.24
"Regressor_36","Regressor_9","concrete",0.06,0.12,0.32,0.16
"Regressor_4","Regressor_1","concrete",0.07,0.13,0.18,0.13
"Regressor_4","Regressor_10","concrete",0.08,0.12,0.25,0.26
"Regressor_4","Regressor_11","concrete",0.1,0.1,0.16,0.22
"Regressor_4","Regressor_12","concrete",0.09,0.08,0.19,0.18
"Regressor_4","Regressor_13","concrete",0.03,0.15,0.3,0.17
"Regressor_4","Regressor_14","concrete",0.09,0.13,0.09,0.15
"Regressor_4","Regressor_15","concrete",0.05,0.1,0.21,0.18
"Regressor_4","Regressor_16","concrete",0.06,0.09,0.13,0.1
"Regressor_4","Regressor_17","concrete",0.1,0.13,0.11,0.16
"Regressor_4","Regressor_18","concrete",0.07,0.09,0.24,0.15
"Regressor_4","Regressor_19","concrete",0.07,0.17,0.15,0.09
"Regressor_4","Regressor_2","concrete",0.12,0.1,0.14,0.29
"Regressor_4","Regressor_20","concrete",0.07,0.11,0.07,0.25
"Regressor_4","Regressor_21","concrete",0.09,0.12,0.27,0.14
"Regressor_4","Regressor_22","concrete",0.07,0.1,0.11,0.23
"Regressor_4","Regressor_23","concrete",0.06,0.15,0.21,0.17
"Regressor_4","Regressor_24","concrete",0.09,0.1,0.12,0.19
"Regressor_4","Regressor_25","concrete",0.08,0.1,0.14,0.19
"Regressor_4","Regressor_26","concrete",0.11,0.09,0.11,0.25
"Regressor_4","Regressor_27","concrete",0.12,0.17,0.15,0.14
"Regressor_4","Regressor_28","concrete",0.1,0.08,0.12,0.08
"Regressor_4","Regressor_29","concrete",0.1,0.13,0.1,0.22
"Regressor_4","Regressor_3","concrete",0.07,0.14,0.18,0.14
"Regressor_4","Regressor_30","concrete",0.08,0.13,0.14,0.12
"Regressor_4","Regressor_31","concrete",0.07,0.11,0.26,0.16
"Regressor_4","Regressor_32","concrete",0.11,0.08,0.09,0.09
"Regressor_4","Regressor_33","concrete",0.08,0.16,0.29,0.14
"Regressor_4","Regressor_34","concrete",0.08,0.1,0.09,0.1
"Regressor_4","Regressor_35","concrete",0.05,0.12,0.27,0.26
"Regressor_4","Regressor_36","concrete",0.1,0.09,0.17,0.13
"Regressor_4","Regressor_5","concrete",0.05,0.15,0.16,0.11
"Regressor_4","Regressor_6","concrete",0.06,0.11,0.06,0.16
"Regressor_4","Regressor_7","concrete",0.09,0.12,0.16,0.13
"Regressor_4","Regressor_8","concrete",0.1,0.09,0.08,0.15
"Regressor_4","Regressor_9","concrete",0.11,0.12,0.31,0.12
"Regressor_5","Regressor_1","concrete",0.04,0.13,0.25,0.13
"Regressor_5","Regressor_10","concrete",0.09,0.13,0.34,0.3
"Regressor_5","Regressor_11","concrete",0.12,0.11,0.19,0.28
"Regressor_5","Regressor_12","concrete",0.13,0.14,0.35,0.23
"Regressor_5","Regressor_13","concrete",0.06,0.09,0.42,0.14
"Regressor_5","Regressor_14","concrete",0.12,0.13,0.23,0.14
"Regressor_5","Regressor_15","concrete",0.05,0.13,0.27,0.21
"Regressor_5","Regressor_16","concrete",0.09,0.11,0.2,0.1
"Regressor_5","Regressor_17","concrete",0.11,0.09,0.23,0.22
"Regressor_5","Regressor_18","concrete",0.08,0.15,0.26,0.13
"Regressor_5","Regressor_19","concrete",0.07,0.16,0.25,0.12
"Regressor_5","Regressor_2","concrete",0.12,0.13,0.21,0.27
"Regressor_5","Regressor_20","concrete",0.09,0.16,0.18,0.26
"Regressor_5","Regressor_21","concrete",0.08,0.12,0.32,0.17
"Regressor_5","Regressor_22","concrete",0.07,0.11,0.22,0.09
"Regressor_5","Regressor_23","concrete",0.09,0.19,0.22,0.13
"Regressor_5","Regressor_24","concrete",0.12,0.11,0.24,0.12
"Regressor_5","Regressor_25","concrete",0.1,0.13,0.21,0.21
"Regressor_5","Regressor_26","concrete",0.13,0.12,0.18,0.3
"Regressor_5","Regressor_27","concrete",0.15,0.16,0.24,0.14
"Regressor_5","Regressor_28","concrete",0.1,0.08,0.18,0.12
"Regressor_5","Regressor_29","concrete",0.11,0.18,0.22,0.29
"Regressor_5","Regressor_3","concrete",0.09,0.09,0.3,0.13
"Regressor_5","Regressor_30","concrete",0.09,0.13,0.31,0.09
"Regressor_5","Regressor_31","concrete",0.07,0.12,0.32,0.1
"Regressor_5","Regressor_32","concrete",0.14,0.1,0.22,0.1
"Regressor_5","Regressor_33","concrete",0.07,0.16,0.36,0.15
"Regressor_5","Regressor_34","concrete",0.08,0.1,0.28,0.09
"Regressor_5","Regressor_35","concrete",0.07,0.17,0.34,0.27
"Regressor_5","Regressor_36","concrete",0.11,0.1,0.3,0.17
"Regressor_5","Regressor_4","concrete",0.05,0.15,0.23,0.11
"Regressor_5","Regressor_6","concrete",0.08,0.08,0.23,0.13
"Regressor_5","Regressor_7","concrete",0.09,0.17,0.22,0.07
"Regressor_5","Regressor_8","concrete",0.13,0.1,0.26,0.1
"Regressor_5","Regressor_9","concrete",0.12,0.13,0.3,0.09
"Regressor_6","Regressor_1","concrete",0.13,0.09,0.17,0.13
"Regressor_6","Regressor_10","concrete",0.1,0.04,0.24,0.28
"Regressor_6","Regressor_11","concrete",0.08,0.14,0.14,0.27
"Regressor_6","Regressor_12","concrete",0.09,0.09,0.18,0.22
"Regressor_6","Regressor_13","concrete",0.1,0.1,0.29,0.18
"Regressor_6","Regressor_14","concrete",0.09,0.15,0.09,0.2
"Regressor_6","Regressor_15","concrete",0.07,0.08,0.14,0.24
"Regressor_6","Regressor_16","concrete",0.05,0.08,0.12,0.11
"Regressor_6","Regressor_17","concrete",0.13,0.09,0.13,0.24
"Regressor_6","Regressor_18","concrete",0.12,0.07,0.26,0.13
"Regressor_6","Regressor_19","concrete",0.09,0.14,0.1,0.18
"Regressor_6","Regressor_2","concrete",0.12,0.08,0.18,0.27
"Regressor_6","Regressor_20","concrete",0.11,0.1,0.1,0.29
"Regressor_6","Regressor_21","concrete",0.07,0.14,0.32,0.16
"Regressor_6","Regressor_22","concrete",0.09,0.05,0.12,0.18
"Regressor_6","Regressor_23","concrete",0.1,0.17,0.21,0.14
"Regressor_6","Regressor_24","concrete",0.09,0.07,0.08,0.13
"Regressor_6","Regressor_25","concrete",0.06,0.11,0.13,0.26
"Regressor_6","Regressor_26","concrete",0.07,0.11,0.13,0.32
"Regressor_6","Regressor_27","concrete",0.09,0.13,0.15,0.18
"Regressor_6","Regressor_28","concrete",0.09,0.08,0.08,0.15
"Regressor_6","Regressor_29","concrete",0.08,0.12,0.13,0.27
"Regressor_6","Regressor_3","concrete",0.04,0.11,0.19,0.21
"Regressor_6","Regressor_30","concrete",0.05,0.07,0.18,0.16
"Regressor_6","Regressor_31","concrete",0.06,0.15,0.28,0.16
"Regressor_6","Regressor_32","concrete",0.1,0.1,0.1,0.14
"Regressor_6","Regressor_33","concrete",0.11,0.1,0.28,0.16
"Regressor_6","Regressor_34","concrete",0.05,0.09,0.13,0.16
"Regressor_6","Regressor_35","concrete",0.1,0.11,0.24,0.35
"Regressor_6","Regressor_36","concrete",0.09,0.09,0.16,0.13
"Regressor_6","Regressor_4","concrete",0.07,0.1,0.06,0.15
"Regressor_6","Regressor_5","concrete",0.08,0.07,0.18,0.11
"Regressor_6","Regressor_7","concrete",0.09,0.16,0.17,0.13
"Regressor_6","Regressor_8","concrete",0.11,0.03,0.12,0.21
"Regressor_6","Regressor_9","concrete",0.07,0.09,0.24,0.15
"Regressor_7","Regressor_1","concrete",0.09,0.16,0.17,0.12
"Regressor_7","Regressor_10","concrete",0.06,0.19,0.26,0.29
"Regressor_7","Regressor_11","concrete",0.12,0.14,0.27,0.24
"Regressor_7","Regressor_12","concrete",0.12,0.11,0.29,0.18
"Regressor_7","Regressor_13","concrete",0.09,0.16,0.41,0.1
"Regressor_7","Regressor_14","concrete",0.12,0.19,0.24,0.12
"Regressor_7","Regressor_15","concrete",0.09,0.16,0.26,0.19
"Regressor_7","Regressor_16","concrete",0.1,0.13,0.24,0.07
"Regressor_7","Regressor_17","concrete",0.1,0.17,0.24,0.23
"Regressor_7","Regressor_18","concrete",0.08,0.13,0.29,0.14
"Regressor_7","Regressor_19","concrete",0.05,0.17,0.28,0.11
"Regressor_7","Regressor_2","concrete",0.12,0.13,0.21,0.28
"Regressor_7","Regressor_20","concrete",0.13,0.16,0.28,0.2
"Regressor_7","Regressor_21","concrete",0.06,0.18,0.3,0.16
"Regressor_7","Regressor_22","concrete",0.11,0.16,0.22,0.15
"Regressor_7","Regressor_23","concrete",0.11,0.17,0.28,0.16
"Regressor_7","Regressor_24","concrete",0.1,0.15,0.23,0.16
"Regressor_7","Regressor_25","concrete",0.07,0.16,0.3,0.16
"Regressor_7","Regressor_26","concrete",0.13,0.14,0.25,0.3
"Regressor_7","Regressor_27","concrete",0.12,0.19,0.25,0.13
"Regressor_7","Regressor_28","concrete",0.13,0.13,0.25,0.09
"Regressor_7","Regressor_29","concrete",0.14,0.18,0.16,0.24
"Regressor_7","Regressor_3","concrete",0.08,0.19,0.25,0.13
"Regressor_7","Regressor_30","concrete",0.11,0.15,0.25,0.09
"Regressor_7","Regressor_31","concrete",0.11,0.17,0.28,0.09
"Regressor_7","Regressor_32","concrete",0.12,0.13,0.25,0.05
"Regressor_7","Regressor_33","concrete",0.06,0.19,0.39,0.1
"Regressor_7","Regressor_34","concrete",0.07,0.13,0.28,0.1
"Regressor_7","Regressor_35","concrete",0.08,0.18,0.35,0.31
"Regressor_7","Regressor_36","concrete",0.13,0.11,0.26,0.15
"Regressor_7","Regressor_4","concrete",0.09,0.14,0.22,0.13
"Regressor_7","Regressor_5","concrete",0.09,0.19,0.22,0.06
"Regressor_7","Regressor_6","concrete",0.09,0.19,0.24,0.14
"Regressor_7","Regressor_8","concrete",0.16,0.16,0.18,0.06
"Regressor_7","Regressor_9","concrete",0.16,0.15,0.44,0.12
"Regressor_8","Regressor_1","concrete",0.15,0.08,0.17,0.17
"Regressor_8","Regressor_10","concrete",0.15,0.09,0.31,0.29
"Regressor_8","Regressor_11","concrete",0.13,0.1,0.17,0.26
"Regressor_8","Regressor_12","concrete",0.13,0.06,0.27,0.24
"Regressor_8","Regressor_13","concrete",0.16,0.1,0.33,0.1
"Regressor_8","Regressor_14","concrete",0.09,0.1,0.08,0.12
"Regressor_8","Regressor_15","concrete",0.17,0.09,0.19,0.24
"Regressor_8","Regressor_16","concrete",0.1,0.04,0.16,0.12
"Regressor_8","Regressor_17","concrete",0.17,0.09,0.18,0.23
"Regressor_8","Regressor_18","concrete",0.1,0.06,0.31,0.17
"Regressor_8","Regressor_19","concrete",0.16,0.11,0.17,0.15
"Regressor_8","Regressor_2","concrete",0.15,0.08,0.21,0.3
"Regressor_8","Regressor_20","concrete",0.15,0.07,0.11,0.23
"Regressor_8","Regressor_21","concrete",0.11,0.11,0.35,0.14
"Regressor_8","Regressor_22","concrete",0.21,0.04,0.17,0.17
"Regressor_8","Regressor_23","concrete",0.09,0.16,0.25,0.17
"Regressor_8","Regressor_24","concrete",0.13,0.05,0.15,0.17
"Regressor_8","Regressor_25","concrete",0.13,0.13,0.15,0.22
"Regressor_8","Regressor_26","concrete",0.13,0.09,0.13,0.32
"Regressor_8","Regressor_27","concrete",0.12,0.13,0.15,0.17
"Regressor_8","Regressor_28","concrete",0.11,0.08,0.15,0.15
"Regressor_8","Regressor_29","concrete",0.12,0.1,0.14,0.25
"Regressor_8","Regressor_3","concrete",0.09,0.08,0.17,0.11
"Regressor_8","Regressor_30","concrete",0.1,0.1,0.24,0.11
"Regressor_8","Regressor_31","concrete",0.14,0.1,0.28,0.12
"Regressor_8","Regressor_32","concrete",0.14,0.07,0.14,0.12
"Regressor_8","Regressor_33","concrete",0.15,0.1,0.3,0.14
"Regressor_8","Regressor_34","concrete",0.11,0.08,0.13,0.16
"Regressor_8","Regressor_35","concrete",0.15,0.11,0.35,0.33
"Regressor_8","Regressor_36","concrete",0.14,0.09,0.21,0.19
"Regressor_8","Regressor_4","concrete",0.15,0.08,0.08,0.15
"Regressor_8","Regressor_5","concrete",0.15,0.07,0.22,0.07
"Regressor_8","Regressor_6","concrete",0.12,0.03,0.12,0.21
"Regressor_8","Regressor_7","concrete",0.19,0.12,0.14,0.06
"Regressor_8","Regressor_9","concrete",0.16,0.14,0.44,0.14
"Regressor_9","Regressor_1","concrete",0.08,0.18,0.24,0.1
"Regressor_9","Regressor_10","concrete",0.14,0.18,0.25,0.22
"Regressor_9","Regressor_11","concrete",0.09,0.23,0.27,0.22
"Regressor_9","Regressor_12","concrete",0.13,0.15,0.19,0.24
"Regressor_9","Regressor_13","concrete",0.09,0.21,0.35,0.12
"Regressor_9","Regressor_14","concrete",0.11,0.21,0.37,0.06
"Regressor_9","Regressor_15","concrete",0.11,0.23,0.32,0.18
"Regressor_9","Regressor_16","concrete",0.09,0.16,0.28,0.07
"Regressor_9","Regressor_17","concrete",0.13,0.18,0.37,0.21
"Regressor_9","Regressor_18","concrete",0.1,0.18,0.21,0.14
"Regressor_9","Regressor_19","concrete",0.12,0.29,0.33,0.09
"Regressor_9","Regressor_2","concrete",0.09,0.19,0.23,0.25
"Regressor_9","Regressor_20","concrete",0.07,0.18,0.39,0.19
"Regressor_9","Regressor_21","concrete",0.09,0.25,0.26,0.11
"Regressor_9","Regressor_22","concrete",0.1,0.22,0.21,0.17
"Regressor_9","Regressor_23","concrete",0.14,0.21,0.35,0.16
"Regressor_9","Regressor_24","concrete",0.09,0.16,0.34,0.15
"Regressor_9","Regressor_25","concrete",0.1,0.22,0.4,0.17
"Regressor_9","Regressor_26","concrete",0.06,0.15,0.33,0.26
"Regressor_9","Regressor_27","concrete",0.12,0.27,0.32,0.09
"Regressor_9","Regressor_28","concrete",0.04,0.17,0.29,0.13
"Regressor_9","Regressor_29","concrete",0.08,0.2,0.32,0.23
"Regressor_9","Regressor_3","concrete",0.1,0.21,0.25,0.09
"Regressor_9","Regressor_30","concrete",0.11,0.25,0.21,0.06
"Regressor_9","Regressor_31","concrete",0.06,0.12,0.34,0.14
"Regressor_9","Regressor_32","concrete",0.07,0.16,0.33,0.1
"Regressor_9","Regressor_33","concrete",0.12,0.24,0.25,0.13
"Regressor_9","Regressor_34","concrete",0.09,0.14,0.37,0.11
"Regressor_9","Regressor_35","concrete",0.11,0.17,0.26,0.2
"Regressor_9","Regressor_36","concrete",0.06,0.15,0.19,0.15
"Regressor_9","Regressor_4","concrete",0.11,0.17,0.31,0.12
"Regressor_9","Regressor_5","concrete",0.12,0.26,0.26,0.07
"Regressor_9","Regressor_6","concrete",0.07,0.17,0.25,0.15
"Regressor_9","Regressor_7","concrete",0.16,0.19,0.39,0.12
"Regressor_9","Regressor_8","concrete",0.14,0.21,0.41,0.14
